% YYYY MM DD, North, East Vert, sigmas, all in mm
2008 09 11 -35.59  -35.16  34.55  2.86  2.17  7.42
2008 09 12 -34.24  -35.34  33.58  1.69  1.47  6.69
2008 09 13 -34.09  -33.98  20.02  1.74  1.48  5.9
2008 09 14 -34.73  -34.27  27.24  1.68  1.45  6.58
2008 09 15 -35.12  -34.09  25.04  1.7  1.46  5.84
2008 09 16 -34.15  -34.59  26.28  1.69  1.43  6.64
2008 09 17 -33.03  -34.95  20.72  1.98  1.63  7.75
2008 09 18 -34.28  -33.82  20.01  1.83  1.53  6.44
2008 09 19 -33.82  -35.86  21.55  3.05  2.48  11.09
2008 09 20 -32.27  -34.56  17.49  1.71  1.43  5.49
2008 09 21 -32.95  -34.93  20.8  1.79  1.5  6.97
2008 09 22 -33.18  -34.43  25.52  1.69  1.43  5.91
2008 09 23 -32.9  -35.46  19.92  1.7  1.42  6.82
2008 09 24 -33.86  -34.98  33.26  1.68  1.42  6.75
2008 09 25 -32.72  -35.41  24.39  1.7  1.45  6.87
2008 09 26 -34.15  -34.96  25.07  1.77  1.5  6.96
2008 09 27 -33.65  -34.08  23.83  1.74  1.48  6.92
2008 09 28 -35.05  -33.49  20.36  1.71  1.44  6.71
2008 09 29 -33.95  -35.55  21.7  1.73  1.47  6.88
2008 09 30 -33.27  -35.15  19.76  1.8  1.5  7.17
2008 10 01 -33.83  -36.57  18.74  1.74  1.45  6.9
2008 10 02 -32.33  -35.84  17.85  1.86  1.56  7.4
2008 10 03 -31.73  -38.48  16.53  1.79  1.53  6.17
2008 10 04 -33.69  -34.13  17.92  1.91  1.59  7.64
2008 10 05 -32.23  -36.97  21.24  1.53  1.33  5.01
2008 10 06 -34.35  -36.2  19.07  1.71  1.43  6.08
2008 10 07 -34.42  -37.37  18.62  1.71  1.43  6.54
2008 10 08 -33.5  -36.04  22.73  1.61  1.35  6.32
2008 10 09 -32.22  -35.87  29.73  1.69  1.42  5.45
2008 10 10 -35.52  -37.27  21.86  1.76  1.45  6.82
2008 10 11 -35.07  -36.72  26.34  1.69  1.4  6.71
2008 10 12 -33.43  -35.83  21.27  1.72  1.44  6.6
2008 10 13 -34.43  -35.54  21.1  1.63  1.36  6.34
2008 10 14 -33.73  -36.03  16.77  1.64  1.38  6.34
2008 10 15 -33.27  -37.13  22.71  1.66  1.38  5.69
2008 10 16 -33.34  -36.81  15.62  1.58  1.3  5.43
2008 10 17 -34.09  -37.2  24.08  1.58  1.33  4.62
2008 10 18 -33.82  -36.69  23.59  1.58  1.33  4.52
2008 10 19 -34.08  -37.28  32.34  1.65  1.38  3.96
2008 10 20 -33.68  -36.27  21.65  1.58  1.34  4.39
2008 10 21 -33.94  -36.64  33.11  1.59  1.34  4.12
2008 10 22 -33.29  -34.64  17.35  1.56  1.33  4.84
2008 10 23 -33.53  -35.9  23.64  1.63  1.41  6.31
2008 10 24 -32.04  -35.89  20.76  1.64  1.38  5.16
2008 10 25 -33.23  -35.65  27.83  1.58  1.34  6.18
2008 10 26 -33.44  -35.65  20.68  1.61  1.36  5.24
2008 10 27 -33.44  -36.48  15.63  1.55  1.31  5.14
2008 10 28 -33.29  -37.15  22.61  1.61  1.34  4.22
2008 10 29 -33.28  -37.34  19.39  1.68  1.36  4.63
2008 10 30 -32.58  -37.71  24.91  1.58  1.33  4.19
2008 10 31 -28.32  -39.79  15.93  1.89  1.58  5.05
2008 11 01 -30.03  -38.74  14.3  1.71  1.45  4.52
2008 11 02 -30.28  -31.11  17.02  1.94  1.67  5.16
2008 11 03 -31.5  -39.06  23.35  1.79  1.5  4.52
2008 11 04 -32.35  -39.34  29.43  1.84  1.55  4.56
2008 11 05 -32.1  -38.29  22.63  1.74  1.47  5.51
2008 11 06 -33.17  -36.59  15.97  1.65  1.4  4.1
2008 11 07 -32.55  -37.61  17.81  1.55  1.31  3.79
2008 11 08 -32.2  -37.57  14.49  1.62  1.35  3.87
2008 11 09 -32.8  -37.78  18.02  1.69  1.44  4.59
2008 11 10 -31.52  -38.03  14.22  1.59  1.38  4.16
2008 11 11 -32.63  -39.35  3.31  1.59  1.34  4.47
2008 11 12 -32.94  -37.88  8.57  1.69  1.42  4.12
2008 11 13 -32.49  -38.74  20.43  1.61  1.37  3.95
2008 11 14 -32.19  -39.16  18.82  1.59  1.37  5.68
2008 11 15 -32.68  -38.27  22.99  1.6  1.34  4.29
2008 11 16 -32.76  -38.64  30.7  1.59  1.34  4.33
2008 11 17 -33.58  -36.75  34.86  1.61  1.36  4.2
2008 11 18 -33.55  -36.46  29.82  1.6  1.35  4.28
2008 11 19 -32.83  -36.34  30.69  1.57  1.32  4.36
2008 11 20 -32.74  -34.58  31.1  1.63  1.4  4.19
2008 11 21 -33.57  -35.43  26.4  1.48  1.26  4.43
2008 11 22 -32.4  -35.92  25.42  1.49  1.27  3.96
2008 11 23 -32.54  -37.37  25.31  1.53  1.3  3.69
2008 11 24 -32.02  -38.62  23.32  1.62  1.37  5.56
2008 11 25 -33.03  -37.76  26.91  1.53  1.29  3.61
2008 11 26 -33.76  -37.74  18.28  1.53  1.29  3.59
2008 11 27 -33.03  -37.87  8.52  1.58  1.34  3.78
2008 11 28 -33.5  -39.43  23.49  1.49  1.27  3.51
2008 11 29 -32.41  -37.77  16.94  1.6  1.34  3.94
2008 11 30 -33.32  -36.9  28.23  1.53  1.33  3.95
2008 12 01 -32.95  -36.78  36.73  1.6  1.37  4.13
2008 12 02 -33.47  -38.92  35.63  1.66  1.41  4.14
2008 12 03 -33.23  -38.08  31.62  1.56  1.34  3.98
2008 12 04 -32.84  -35.83  21.67  1.6  1.38  4.28
2008 12 05 -32.86  -37.63  26.19  1.55  1.33  3.86
2008 12 06 -33.08  -37.77  30.28  1.54  1.35  3.84
2008 12 07 -32.79  -37.58  26.45  1.7  1.5  4.31
2008 12 08 -32.16  -37.61  18.75  1.48  1.3  3.49
2008 12 09 -32.21  -36.9  23.79  1.58  1.41  4.01
2008 12 10 -31.02  -38.8  16.87  1.6  1.45  4.39
2008 12 11 -30.79  -39.3  20.69  1.55  1.37  3.86
2008 12 12 -31.65  -39.17  22.74  1.69  1.51  4.71
2008 12 13 -31.62  -38.3  26.05  1.68  1.48  4.26
2008 12 14 -32.18  -38.22  24.44  1.52  1.36  3.74
2008 12 15 -32.32  -36.87  21.69  1.6  1.42  4.09
2008 12 16 -32.19  -37.4  19.78  1.52  1.37  3.66
2008 12 17 -32.67  -36.77  18.79  1.58  1.4  4.02
2008 12 18 -31.96  -37.75  24.07  1.56  1.37  3.99
2008 12 19 -30.23  -35.97  24.16  1.68  1.47  4.26
2008 12 20 -31.47  -37.48  17.62  1.55  1.37  4.38
2008 12 21 -29.93  -40.25  20.15  1.56  1.39  5.23
2008 12 22 -31.83  -41.12  24.07  1.73  1.52  4.31
2008 12 23 -32.47  -40.05  15.31  1.59  1.43  4.73
2008 12 24 -30.54  -42.17  21.11  1.64  1.44  5.79
2008 12 25 -32.27  -43.32  18.84  1.76  1.53  6.98
2008 12 26 -31.39  -42.28  17.22  1.67  1.47  4.09
2008 12 27 -32.86  -42.08  20.15  1.63  1.44  4.04
2008 12 28 -31.18  -41.53  16.54  1.64  1.45  4.03
2008 12 29 -30.95  -44.36  24.58  1.61  1.42  5.21
2008 12 30 -31.81  -42.21  25.17  1.5  1.31  3.59
2008 12 31 -32.31  -37.62  21.57  1.52  1.37  3.85
2009 01 01 -33.56  -39.97  27.07  1.51  1.34  4.87
2009 01 02 -33.85  -39.92  29.52  1.92  1.69  4.95
2009 01 03 -32.51  -40.45  21.35  1.59  1.39  4.96
2009 01 04 -32.48  -40.15  22.38  1.51  1.35  3.63
2009 01 05 -32.46  -40.07  28.21  1.61  1.39  4.61
2009 01 06 -34.37  -38.21  15.07  1.64  1.42  3.99
2009 01 07 -32.38  -40.58  25.85  1.56  1.37  3.91
2009 01 08 -31.34  -40.65  21.52  1.68  1.48  4.14
2009 01 09 -31.91  -40.51  20.62  1.6  1.4  3.9
2009 01 10 -32.34  -39.68  15.79  1.58  1.37  5.05
2009 01 11 -32.99  -39.67  21.42  1.58  1.37  4.93
2009 01 12 -32.88  -37.97  17.16  1.53  1.33  4.84
2009 01 13 -32.04  -39.4  20.79  1.52  1.31  3.69
2009 01 14 -31.95  -39.13  11.5  1.56  1.35  6.22
2009 01 15 -32.15  -39.86  22.14  1.52  1.34  4.11
2009 01 16 -32.01  -39.4  13.75  1.6  1.4  4.61
2009 01 17 -31.98  -38.85  22.41  1.56  1.38  4.29
2009 01 18 -31.38  -38.57  9.63  1.37  1.22  3.84
2009 01 19 -31.41  -39.42  16.44  1.54  1.35  4.22
2009 01 20 -31.63  -39.4  19.46  1.55  1.36  4.37
2009 01 21 -33.21  -39.82  32.15  1.36  1.22  3.63
2009 01 22 -30.52  -37.24  12.44  1.64  1.41  4.18
2009 01 23 -31.58  -37.33  16.6  1.5  1.34  4.5
2009 01 24 -29.84  -35.89  22.29  1.51  1.38  4.68
2009 01 25 -31.21  -35.77  21.32  1.49  1.34  3.96
2009 01 26 -30.64  -35.55  28.41  1.49  1.41  4.1
2009 01 27 -31.66  -36.86  29.84  1.63  1.47  4.12
2009 01 28 -33.46  -38.71  15.66  1.39  1.29  3.8
2009 01 29 -32.42  -38.76  19.43  1.51  1.33  6.06
2009 01 30 -32.92  -38.81  16.79  1.46  1.31  5.89
2009 01 31 -32.65  -38.68  20.57  1.34  1.22  5.35
2009 02 01 -32.53  -39.29  22.07  1.37  1.26  4.47
2009 02 02 -31.67  -39.27  21.7  1.41  1.25  3.4
2009 02 03 -31.73  -39.95  21.18  1.3  1.2  3.31
2009 02 04 -32.05  -40.03  16.38  1.35  1.23  3.75
2009 02 05 -32.44  -41.16  30.45  1.59  1.42  4
2009 02 06 -30.94  -41.1  14.33  1.4  1.26  3.72
2009 02 07 -32.1  -41.62  17.87  1.39  1.29  3.73
2009 02 08 -32.29  -40.95  14.82  1.38  1.25  3.77
2009 02 09 -32.58  -40.33  22.04  1.39  1.27  3.86
2009 02 10 -33.37  -40.31  25.05  1.39  1.25  3.72
2009 02 11 -30.41  -40.14  16.86  1.45  1.31  4.07
2009 02 12 -31.43  -39.33  14.91  1.38  1.28  3.77
2009 02 13 -31.11  -40.34  23.65  1.39  1.26  3.61
2009 02 14 -31.57  -41.83  22.3  1.39  1.29  3.83
2009 02 15 -30.2  -41.62  23  1.38  1.26  3.7
2009 02 16 -30.1  -42.24  20.99  1.39  1.24  3.75
2009 02 17 -30.15  -40.49  18.8  1.42  1.28  3.83
2009 02 18 -31.01  -40.94  20.78  1.38  1.26  4.23
2009 02 19 -29.49  -44.02  16.75  1.3  1.3  3.28
2009 02 20 -30.99  -40.24  27  1.3  1.19  3.33
2009 02 21 -31.63  -40.3  23.6  1.3  1.18  3.32
2009 02 22 -32.6  -41.18  27.7  1.41  1.27  3.74
2009 02 23 -31.74  -41.31  26.92  1.63  1.49  5.32
2009 02 24 -30.5  -40.1  30.81  1.56  1.42  5.04
2009 02 25 -31.22  -41.23  30.98  1.42  1.28  3.86
2009 02 26 -31.48  -41.41  22.69  1.54  1.4  5.28
2009 02 27 -30.75  -40.59  15.45  1.39  1.28  3.63
2009 02 28 -32.02  -39.61  24.73  1.37  1.24  3.54
2009 03 01 -31.96  -43.48  21.51  1.45  1.35  4.45
2009 03 02 -29.63  -43.74  15.59  1.6  1.47  5.39
2009 03 03 -30.21  -43.2  16.84  1.53  1.4  6.02
2009 03 04 -32.63  -43.66  14.48  1.48  1.37  4.41
2009 03 05 -30.55  -43.49  12.94  1.45  1.35  3.94
2009 03 06 -33.11  -42.09  16.61  1.41  1.33  3.79
2009 03 07 -32.31  -40.93  19.38  1.39  1.26  3.74
2009 03 08 -31.8  -40.94  15.93  1.35  1.21  3.63
2009 03 09 -32.08  -40.67  12.57  1.4  1.23  4.06
2009 03 10 -32.26  -40.42  13.5  1.29  1.15  3.32
2009 03 11 -32.2  -39.99  21.79  1.24  1.11  3.2
2009 03 12 -31.33  -40.13  16.2  1.24  1.11  3.09
2009 03 13 -31.74  -41.31  12.54  1.21  1.09  3.24
2009 03 14 -31.12  -41.71  15.76  1.27  1.15  3.31
2009 03 15 -30.78  -39.88  11.17  1.34  1.21  4.38
2009 03 16 -27.24  -40.89  9.39  1.43  1.29  5.58
2009 03 17 -30.23  -40.96  13.07  1.38  1.24  3.82
2009 03 18 -30.78  -42.05  2.88  1.46  1.36  5.6
2009 04 20 -34.94  -42.93  22.84  3.58  2.64  14.13
2009 04 21 -30.56  -41.18  12.97  1.67  1.37  6.34
2009 04 22 -30.25  -40.76  13.22  1.61  1.34  6.21
2009 04 23 -29.09  -42.21  20.45  1.68  1.4  6.48
2009 04 24 -30.94  -42.63  29.72  1.73  1.44  6.68
2009 04 25 -29.41  -41.31  16.84  1.56  1.31  5.94
2009 04 26 -29.41  -44.51  17.34  1.64  1.38  6.28
2009 04 27 -27.92  -43.07  20.27  1.74  1.46  6.64
2009 04 28 -28.68  -43.9  20.78  1.7  1.42  6.52
2009 04 29 -28.08  -42.97  23.83  1.62  1.34  6.11
2009 04 30 -29.76  -42.12  27.07  1.63  1.43  6.38
2009 05 01 -29.49  -42.1  20.96  1.69  1.44  6.51
2009 05 02 -28.26  -43.71  16.11  1.66  1.4  6.42
2009 05 03 -29.25  -43.12  20.62  1.89  1.59  7.4
2009 05 04 -29.19  -42.81  20.34  1.68  1.41  6.46
2009 05 05 -29.78  -42.88  27.58  1.92  1.63  7.53
2009 05 06 -30.17  -41.14  19.58  1.8  1.54  6.98
2009 05 07 -30.48  -42.9  12.37  1.69  1.44  6.54
2009 05 08 -31.34  -41.92  9.12  1.61  1.37  6.21
2009 05 09 -30.74  -42.2  9.53  1.67  1.41  6.48
2009 05 10 -30.26  -41.61  12.23  1.68  1.41  6.44
2009 05 11 -29.98  -43.64  16.77  1.64  1.36  6.28
2009 05 12 -30.23  -43.35  18.63  1.59  1.34  6.13
2009 05 13 -30.01  -42.72  9.79  1.53  1.28  5.89
2009 05 14 -30.91  -42.24  9.21  1.57  1.32  5.98
2009 05 15 -29.85  -43.43  20.25  1.57  1.32  6.01
2009 05 16 -30.15  -41.79  17.92  1.52  1.29  5.81
2009 05 17 -30.35  -42  22.08  1.57  1.31  6.09
2009 05 18 -29.86  -41.93  18.36  1.54  1.3  5.93
2009 05 19 -29.53  -40.54  22.61  1.61  1.36  6.35
2009 05 20 -27.88  -41.04  22.66  1.63  1.38  6.29
2009 05 21 -29.17  -42.34  16.6  1.38  1.19  5.23
2009 05 22 -30.58  -42.66  21.14  1.63  1.41  6.25
2009 05 23 -29.05  -44.4  17.52  1.63  1.38  6.35
2009 05 24 -29.4  -43.61  22.92  1.54  1.32  5.97
2009 05 25 -29.71  -43.07  16.92  1.73  1.48  6.69
2009 05 26 -30.95  -42.87  21.54  1.63  1.39  6.32
2009 05 27 -30.45  -43.67  17.53  1.57  1.35  6.1
2009 05 28 -30.24  -42.99  21.97  1.59  1.37  6.19
2009 05 29 -30.34  -42.22  18.38  1.58  1.37  6.17
2009 05 30 -31.48  -42.12  18.07  1.59  1.36  6.23
2009 05 31 -30.09  -42.79  16.55  1.68  1.44  6.56
2009 06 01 -29.68  -42.99  21.54  1.62  1.41  6.37
2009 06 02 -29.48  -42.12  14.47  1.67  1.44  6.59
2009 06 03 -28.48  -43.09  14.98  1.69  1.46  6.67
2009 06 04 -27.13  -44.44  14.09  1.7  1.47  6.67
2009 06 05 -30.61  -43.82  18.67  1.67  1.46  6.55
2009 06 06 -29.35  -44.05  13.09  1.48  1.29  5.8
2009 06 07 -29.33  -42.49  16.04  1.44  1.29  5.6
2009 06 08 -29.24  -44.72  20.77  1.48  1.34  5.79
2009 06 09 -28.87  -44.06  18.17  1.49  1.36  5.84
2009 06 10 -30.05  -42.02  15.46  1.39  1.24  5.39
2009 06 11 -30.49  -41.74  16.77  1.41  1.29  5.53
2009 06 12 -30.66  -41.86  13.57  1.41  1.29  5.49
2009 06 13 -28.83  -44.91  14.95  1.43  1.29  5.57
2009 06 14 -29.44  -41.17  10.11  1.47  1.34  5.79
2009 06 15 -29.47  -40.98  9.54  1.48  1.36  5.87
2009 06 16 -29.1  -41.26  12.02  1.43  1.31  5.65
2009 06 17 -28.77  -41.88  12.03  1.46  1.34  5.72
2009 06 18 -28.13  -43.62  10.27  1.48  1.37  5.84
2009 06 19 -29.35  -44.64  14.06  1.48  1.37  5.82
2009 06 20 -29.6  -43.76  13.55  1.63  1.51  6.46
2009 06 21 -29.04  -43.39  8.42  1.43  1.32  5.66
2009 06 22 -30.04  -41.67  16.5  1.47  1.35  5.7
2009 06 23 -28.89  -42.67  16.43  1.49  1.36  5.84
2009 06 24 -27.6  -42.56  16.15  1.46  1.34  5.77
2009 06 25 -30.26  -41.49  21.52  1.51  1.4  5.97
2009 06 26 -30.48  -43.59  18.48  1.46  1.36  5.76
2009 06 27 -30.05  -41.86  13.95  1.41  1.3  5.56
2009 06 28 -29.68  -42.09  16.82  1.45  1.36  5.7
2009 06 29 -28.44  -43.54  19.79  1.42  1.33  5.59
2009 06 30 -28  -43.51  21.94  1.5  1.38  5.86
2009 07 01 -30.68  -41.86  23.74  1.47  1.37  5.74
2009 07 02 -29.2  -43.27  25.42  1.52  1.4  5.97
2009 07 03 -28.39  -40.62  18.6  1.57  1.44  6.19
2009 07 04 -29.23  -42.62  19.19  1.46  1.34  5.72
2009 07 05 -28.75  -44.04  15.28  1.58  1.41  6.18
2009 07 06 -28.29  -44.69  20.66  1.61  1.43  6.34
2009 07 07 -27.83  -44.23  24.55  1.52  1.37  5.97
2009 07 08 -28.42  -42.42  23  1.41  1.3  5.49
2009 07 09 -28.1  -43.52  18.64  1.41  1.29  5.49
2009 07 10 -29.02  -43.78  18.38  1.39  1.29  5.42
2009 07 11 -29.61  -42.01  15.32  1.45  1.34  5.77
2009 07 12 -30.3  -44.97  20.49  1.83  1.64  7.41
2009 07 13 -29  -44.34  21.93  1.61  1.45  6.42
2009 07 14 -29.15  -42.88  15.01  1.54  1.39  6.11
2009 07 15 -27.1  -42.99  14.68  1.68  1.51  6.76
2009 07 16 -28.31  -41.71  11.28  1.65  1.48  6.6
2009 07 17 -29.08  -43.32  13.4  1.61  1.45  6.39
2009 07 18 -29.19  -43.21  14.72  1.63  1.5  6.61
2009 07 19 -29.35  -43.93  21.59  1.55  1.42  6.21
2009 07 20 -29.09  -44.01  15.58  1.55  1.42  6.21
2009 07 21 -28.77  -43.08  19.33  1.56  1.42  6.28
2009 07 22 -29.1  -43.41  17.76  1.52  1.37  6.05
2009 07 23 -29.66  -42.38  16.12  1.59  1.46  6.47
2009 07 24 -28.68  -42.86  15.56  1.6  1.46  6.52
2009 07 25 -28.68  -41.77  14.56  1.63  1.49  6.6
2009 07 26 -29.42  -42.48  14.45  1.64  1.49  6.69
2009 07 27 -27.25  -45.5  15.53  1.66  1.52  6.64
2009 07 28 -28.68  -46.3  20.69  1.74  1.59  7.08
2009 07 29 -31.18  -48.57  25.12  2  1.81  8.23
2009 07 30 -29.54  -43.58  18.79  1.75  1.56  7.08
2009 07 31 -28.79  -44.69  7.58  1.73  1.57  6.97
2009 08 01 -27.96  -43.91  18.53  1.73  1.56  6.89
2009 08 02 -29.91  -43.87  21.1  1.62  1.48  6.54
2009 08 03 -29.58  -44.54  21.76  1.84  1.65  7.42
2009 08 04 -27.94  -45.27  24.72  1.69  1.56  6.89
2009 08 05 -25.57  -44.58  20.22  1.71  1.51  6.73
2009 08 06 -26.96  -45.24  21.86  1.68  1.5  6.83
2009 08 07 -28.36  -42.93  17.66  1.55  1.39  6.09
2009 08 08 -26.6  -42.84  17.45  1.54  1.4  6.09
2009 08 09 -28.56  -42.58  15.66  1.64  1.53  6.63
2009 08 10 -31.04  -44.39  13.3  1.74  1.59  7.08
2009 08 11 -28.56  -44.28  14.66  1.59  1.43  6.41
2009 08 12 -28.78  -44.14  15.73  1.73  1.55  6.98
2009 08 13 -26.87  -46.47  15.13  1.64  1.48  6.61
2009 08 14 -27.78  -44.1  19.55  1.75  1.57  7.07
2009 08 15 -28.74  -44.6  18.25  1.57  1.41  6.23
2009 08 16 -29.51  -44.27  15.49  1.5  1.34  5.97
2009 08 17 -30.02  -43.97  17.77  1.58  1.43  6.36
2009 08 18 -29.55  -43.56  20.01  1.58  1.42  6.33
2009 08 19 -29.8  -43.14  22.7  1.59  1.45  6.36
2009 08 20 -30.91  -42.67  21.36  1.7  1.54  6.89
2009 08 21 -29.49  -42.57  15.83  1.63  1.47  6.54
2009 08 22 -28.79  -42.47  20.31  1.61  1.46  6.52
2009 08 23 -28.75  -46.11  19.12  1.68  1.52  6.77
2009 08 24 -28.18  -43.1  15.36  1.7  1.54  6.85
2009 08 25 -27.22  -42.88  14.6  1.7  1.58  6.94
2009 08 26 -27.87  -44.21  18.56  1.61  1.49  6.5
2009 08 27 -28.9  -43.83  18.67  1.6  1.53  6.4
2009 08 28 -28.16  -45.69  16.48  1.57  1.45  6.29
2009 08 29 -28.79  -44.93  24.03  1.78  1.66  7.18
2009 08 30 -25.2  -44.57  22.49  1.68  1.56  6.74
2009 08 31 -27.24  -44.1  21.64  1.68  1.55  6.87
2009 09 01 -25.67  -42.88  21.47  1.68  1.54  6.78
2009 09 02 -28.22  -44.08  18.76  1.69  1.56  6.85
2009 09 03 -27.71  -43.88  18.79  2.15  2.03  8.8
2009 09 04 -27.96  -44.24  20.05  1.63  1.52  6.69
2009 09 05 -27.47  -43.08  18.96  1.78  1.62  7.27
2009 09 06 -27.45  -41.12  21.87  1.68  1.57  7.05
2009 09 07 -29.48  -42.63  19.94  1.64  1.51  6.76
2009 09 08 -29.85  -43.28  17.51  1.55  1.41  6.29
2009 09 09 -29.06  -43.99  15.83  1.61  1.46  6.49
2009 09 10 -29.39  -44.21  15.34  1.74  1.6  7.09
2009 09 11 -28.79  -44.35  14.83  1.7  1.56  6.96
2009 09 12 -28.62  -45.24  17.92  1.68  1.55  6.8
2009 09 13 -26.67  -46.63  21.24  1.69  1.53  6.95
2009 09 14 -27.43  -45.49  24.83  1.89  1.68  7.75
2009 09 15 -29.17  -43.9  18.47  1.58  1.4  6.31
2009 09 16 -28.02  -44.47  17.87  1.54  1.4  6.22
2009 09 17 -29.39  -44.31  17.79  1.6  1.45  6.49
2009 09 18 -28.37  -42.62  20.79  1.54  1.41  6.13
2009 09 19 -26.57  -43.07  23.79  1.64  1.46  6.56
2009 09 20 -27.84  -44.56  24.04  1.56  1.4  6.25
2009 09 21 -28.26  -44.81  15.03  1.56  1.41  6.2
2009 09 22 -28.57  -44.02  17  1.55  1.38  6.19
2009 09 23 -28.77  -45.27  18.6  1.56  1.4  6.2
2009 09 24 -29.76  -44.83  23  1.58  1.42  6.23
2009 09 25 -29.3  -44.99  25.52  1.6  1.43  6.26
2009 09 26 -28.86  -44.44  25.25  1.53  1.36  6.02
2009 09 27 -28.76  -44.55  23.99  1.58  1.4  6.18
2009 09 28 -27.8  -45.33  23.53  1.62  1.45  6.41
2009 09 29 -29.41  -48.21  35.14  1.7  1.51  6.75
2009 09 30 -28.92  -44.37  21.05  1.59  1.4  6.22
2009 10 01 -27.72  -44.14  20.07  1.36  1.23  5.28
2009 10 02 -26.79  -43.85  20.4  1.35  1.22  5.25
2009 10 03 -27.48  -43.88  23.94  1.5  1.36  5.99
2009 10 04 -28.3  -45.91  21.6  1.43  1.3  5.67
2009 10 05 -28.23  -45.31  19.65  1.4  1.29  5.43
2009 10 06 -27.29  -45.3  19.58  1.35  1.25  5.24
2009 10 07 -28.17  -45.76  20.12  1.38  1.25  5.38
2009 10 08 -28.83  -45.66  16.12  1.41  1.26  5.48
2009 10 09 -27.74  -45.74  17.92  1.36  1.23  5.34
2009 10 10 -28.75  -45.65  18.68  1.36  1.29  5.37
2009 10 11 -27.05  -44.84  24.86  1.37  1.24  5.32
2009 10 12 -27.06  -45.01  25.54  1.42  1.29  5.57
2009 10 13 -26.25  -44.1  23.45  1.52  1.43  6.07
2009 10 14 -23.82  -42.29  17.58  1.73  1.64  7.05
2009 10 15 -26.65  -43.4  12.12  1.53  1.43  6.17
2009 10 16 -27.78  -44.19  13.31  1.47  1.39  5.82
2009 10 17 -27.02  -44.97  15.02  1.45  1.33  5.68
2009 10 18 -27.66  -46.96  26.07  1.53  1.43  5.99
2009 10 19 -27.32  -47.42  32.79  1.65  1.55  6.49
2009 10 20 -28.32  -45.61  16.49  1.44  1.34  5.72
2009 10 21 -27.03  -45.84  13.81  1.44  1.35  5.69
2009 10 22 -26.75  -45.7  14.2  1.46  1.38  5.78
2009 10 23 -27.34  -45.64  12.53  1.42  1.3  5.63
2009 10 24 -27.99  -46.21  19.47  1.48  1.36  5.85
2009 10 25 -26.87  -44.44  15.89  1.43  1.35  5.68
2009 10 26 -27.15  -45.43  18.71  1.43  1.34  5.75
2009 10 27 -27.99  -45.68  29.59  1.55  1.45  6.25
2009 10 28 -25.4  -45.75  23.53  1.44  1.33  5.71
2009 10 29 -28.35  -45.51  25.85  1.42  1.31  5.61
2009 10 30 -26.29  -46.32  15.03  1.47  1.35  5.82
2009 10 31 -26.84  -45.35  17.5  1.41  1.3  5.63
2009 11 01 -26.25  -46.36  18.33  1.4  1.29  5.57
2009 11 02 -25.99  -45.76  18.48  1.4  1.28  5.49
2009 11 03 -27.15  -46.21  17.75  1.38  1.26  5.47
2009 11 04 -25.47  -47.33  15.56  1.42  1.29  5.66
2009 11 05 -24.45  -47.35  20.02  1.5  1.4  6.08
2009 11 06 -24.97  -44.64  12.98  1.48  1.38  5.98
2009 11 07 -27.07  -46.67  15.34  1.44  1.33  5.73
2009 11 08 -27.31  -45.15  18.12  1.41  1.29  5.64
2009 11 09 -25.51  -44.69  21.26  1.38  1.26  5.5
2009 11 10 -26.69  -44.35  23.52  1.49  1.39  6.01
2009 11 11 -26.38  -44.81  26.35  1.44  1.33  5.8
2009 11 12 -26.91  -45.98  28.42  1.5  1.41  6.12
2009 11 13 -25.25  -45.39  16.06  1.38  1.29  5.6
2009 11 14 -25.72  -46.64  15.25  1.36  1.26  5.48
2009 11 15 -25.58  -46.78  13.37  1.35  1.24  5.31
2009 11 16 -26.14  -46.71  15.81  1.34  1.25  5.37
2009 11 17 -25.43  -47.32  18.99  1.53  1.38  6.12
2009 11 18 -26.15  -49.14  24.79  1.47  1.39  5.92
2009 11 19 -26.98  -47.53  18.79  1.39  1.33  5.66
2009 11 20 -25.41  -48.71  19.53  1.47  1.37  5.96
2009 11 21 -26.34  -45.42  21.43  1.42  1.31  5.67
2009 11 22 -25.79  -45.8  19.3  1.42  1.34  5.68
2009 11 23 -26.09  -45.88  16.35  1.37  1.3  5.51
2009 11 24 -25.91  -45.19  16.43  1.37  1.29  5.45
2009 11 25 -26.31  -45.56  16  1.41  1.33  5.58
2009 11 26 -25.67  -45.82  16.68  1.42  1.36  5.74
2009 11 27 -26.01  -46.87  29.3  1.52  1.46  6.26
2009 11 28 -27.6  -45.45  13.47  1.47  1.38  5.78
2009 11 29 -24.23  -47.61  16.56  1.39  1.3  5.49
2009 11 30 -26.16  -48.17  15.2  1.38  1.29  5.5
2009 12 01 -26.36  -47.91  18.98  1.37  1.3  5.51
2009 12 02 -26.12  -48.1  16.56  1.36  1.27  5.42
2009 12 03 -27.13  -47.19  19.73  1.36  1.26  5.44
2009 12 04 -26.47  -46.45  22.72  1.36  1.27  5.49
2009 12 05 -26.45  -47.33  28.06  1.38  1.29  5.59
2009 12 06 -26.61  -45.63  31.47  1.49  1.4  6.01
2009 12 07 -26.4  -46.1  25.32  1.43  1.33  5.66
2009 12 08 -26.81  -45.93  21.68  1.4  1.29  5.49
2009 12 09 -26.16  -45.89  22.41  1.58  1.47  6.45
2009 12 10 -26.43  -46.25  22.87  1.53  1.38  6.15
2009 12 11 -25.44  -46.27  22.89  1.43  1.37  5.77
2009 12 12 -26.86  -47.93  21.41  1.62  1.52  6.65
2009 12 13 -26.44  -47.66  23.89  1.67  1.51  6.8
2009 12 14 -26.06  -47.97  18.81  1.66  1.51  6.64
2009 12 15 -25.35  -44.5  19  1.7  1.54  6.95
2009 12 16 -25.34  -46.04  19.42  1.72  1.54  6.97
2009 12 17 -26.79  -48.41  15.42  1.57  1.42  6.3
2009 12 18 -26.71  -46.86  18.07  1.6  1.43  6.49
2009 12 19 -26.65  -47.54  19.85  1.55  1.39  6.25
2009 12 20 -25.65  -47.08  26.6  1.7  1.53  6.92
2009 12 21 -25.85  -48.11  26.08  1.83  1.67  7.44
2009 12 22 -27.11  -46.39  18.94  1.69  1.53  6.82
2009 12 23 -26.34  -46.97  19.38  1.62  1.46  6.6
2009 12 24 -25.45  -46.58  15.54  1.52  1.37  6.17
2009 12 25 -25.98  -46.65  14.05  1.5  1.31  6.01
2009 12 26 -26  -46.77  16.37  1.54  1.36  6.27
2009 12 27 -25.72  -47.54  18.75  1.58  1.39  6.34
2009 12 28 -26.02  -48.89  15.57  1.51  1.3  6.02
2009 12 29 -26.47  -49.35  15.94  1.48  1.3  5.8
2009 12 30 -26.16  -47.67  20.86  1.61  1.42  6.47
2009 12 31 -26.13  -48.41  16.72  1.56  1.37  6.19
2010 01 01 -26.33  -46.32  23.83  1.76  1.54  7.1
2010 01 02 -27.75  -47.89  16.82  1.62  1.44  6.55
2010 01 03 -27.08  -46.83  18.19  1.54  1.35  6.25
2010 01 04 -26.95  -47.42  18.23  1.62  1.4  6.52
2010 01 05 -26.24  -47.41  14.64  1.59  1.38  6.46
2010 01 06 -25.97  -47.44  14.39  1.61  1.4  6.52
2010 01 07 -25.24  -47.83  11.44  1.62  1.42  6.55
2010 01 08 -25.04  -47.17  14.93  1.62  1.41  6.57
2010 01 09 -24.84  -47.71  10.96  1.61  1.44  6.61
2010 01 10 -24.61  -46.91  9.24  1.69  1.48  6.85
2010 01 11 -25.23  -47.37  13.66  1.72  1.52  7.06
2010 01 12 -24.62  -51.58  20.72  1.81  1.58  7.5
2010 01 13 -24.85  -47.25  23.31  1.8  1.64  7.47
2010 01 14 -26.05  -47.88  14.38  1.61  1.53  6.86
2010 01 15 -26.02  -47.32  14.34  1.58  1.39  6.52
2010 01 16 -26.08  -45.88  19.06  1.53  1.4  6.37
2010 01 17 -25.49  -47.18  13.95  1.74  1.59  6.97
2010 01 18 -24.54  -48.4  19.96  1.7  1.54  6.94
2010 01 19 -24.83  -47.85  23.98  1.8  1.62  7.21
2010 01 20 -24.87  -49.07  22.74  1.7  1.55  6.99
2010 01 21 -25.57  -48.09  21.13  1.73  1.51  6.9
2010 01 22 -24.56  -48.31  24.27  1.66  1.51  6.6
2010 01 23 -25.43  -48.37  15.16  1.71  1.54  6.78
2010 01 24 -26.34  -49.24  16.26  1.63  1.44  6.54
2010 01 25 -26.85  -48.89  16.33  1.77  1.68  7.13
2010 01 26 -25.1  -49.48  15.68  1.86  1.65  7.29
2010 01 27 -25.77  -48.8  13.88  1.7  1.52  6.72
2010 01 28 -26.06  -48.97  16.05  1.65  1.49  6.51
2010 01 29 -26.42  -48.29  20.31  1.55  1.37  6.07
2010 01 30 -25.65  -47.38  16.67  1.61  1.41  6.24
2010 01 31 -26.17  -47.78  16.59  1.52  1.36  5.87
2010 02 01 -25.66  -47.07  15.37  1.62  1.43  6.25
2010 02 02 -25.93  -47.87  18.05  1.58  1.35  6.15
2010 02 03 -25.71  -48.32  17.97  1.59  1.41  6.13
2010 02 04 -25.55  -48.96  17.29  1.61  1.46  6.27
2010 02 05 -25.41  -49.37  24.72  1.74  1.53  6.84
2010 02 06 -25.08  -49.52  13.78  1.66  1.48  6.52
2010 02 07 -26.77  -47.88  11.11  1.63  1.42  6.26
2010 02 08 -26.02  -49.96  11.14  1.7  1.49  6.65
2010 02 09 -26.45  -48.71  11.66  1.74  1.53  6.95
2010 02 10 -26.28  -48.17  10.58  1.66  1.45  6.5
2010 02 11 -27.32  -48.57  14.93  1.62  1.45  6.35
2010 02 12 -26.23  -48.16  16.23  1.69  1.49  6.72
2010 02 13 -26.47  -48.33  16.2  1.5  1.34  5.88
2010 02 14 -26.45  -48.77  9.89  1.5  1.33  5.9
2010 02 15 -26.01  -48.03  11.73  1.56  1.36  6.09
2010 02 16 -25.95  -44.72  4.55  1.74  1.48  6.75
2010 02 17 -25.5  -48.94  7.31  1.59  1.35  6.16
2010 02 18 -25.25  -48.83  12.21  1.65  1.41  6.52
2010 02 19 -25.21  -49.42  9.16  1.64  1.39  6.37
2010 02 20 -26  -49.47  14.31  1.61  1.41  6.29
2010 02 21 -24.6  -49.36  12.77  1.47  1.35  5.74
2010 02 22 -25.87  -48.83  9.39  1.46  1.31  5.66
2010 02 23 -25.72  -50.07  10.06  1.47  1.33  5.71
2010 02 24 -25.88  -49.38  18.26  1.53  1.37  5.88
2010 02 25 -26.29  -49.63  13.27  1.39  1.25  5.32
2010 02 26 -25.53  -50.97  19.98  1.45  1.33  5.72
2010 02 27 -25.61  -48.83  12.93  1.48  1.32  5.74
2010 02 28 -25.83  -48.37  6  1.46  1.29  5.58
2010 03 01 -25.78  -49.33  4.1  1.4  1.27  5.33
2010 03 02 -24.15  -49.34  4.51  1.51  1.39  5.97
2010 03 03 -24.92  -50.23  4.74  1.5  1.38  5.84
2010 03 04 -25.57  -49.63  5.76  1.43  1.26  5.49
2010 03 05 -24.69  -50.55  3.73  1.44  1.27  5.42
2010 03 06 -24.72  -48.48  4.88  1.37  1.2  5.15
2010 03 07 -25.67  -49.4  7.28  1.44  1.25  5.49
2010 03 08 -24.66  -50.65  8.42  1.53  1.31  5.92
2010 03 09 -26.34  -49.52  7.7  1.54  1.3  5.91
2010 03 10 -25.19  -50.05  9.37  1.54  1.33  5.93
2010 03 11 -25.85  -49.67  11.31  1.41  1.21  5.37
2010 03 12 -24.79  -50.84  12.55  1.53  1.32  5.91
2010 03 13 -25.63  -49.93  7.58  1.56  1.34  5.94
2010 03 14 -25.25  -49.24  5.74  1.45  1.27  5.58
2010 03 15 -25.04  -49.57  6.69  1.35  1.17  5.11
2010 03 16 -24.6  -49.42  8.7  1.43  1.22  5.41
2010 03 17 -25.3  -50.25  7.24  1.48  1.28  5.64
2010 03 18 -25.43  -49.83  8.04  1.49  1.27  5.65
2010 03 19 -25.85  -50.38  4.52  1.35  1.23  5.23
2010 03 20 -26.48  -49.72  1.08  1.36  1.21  5.21
2010 03 21 -25.35  -50.37  9.56  1.58  1.35  6.09
2010 03 22 -25.66  -50.18  13.38  1.61  1.36  6.07
2010 03 23 -25.7  -50.93  10.97  1.5  1.29  5.72
2010 03 24 -25.83  -50.65  11.3  1.47  1.25  5.58
2010 03 25 -25.76  -48.7  18.54  1.68  1.41  6.33
2010 03 26 -26.2  -50.25  11.81  1.5  1.26  5.61
2010 03 27 -27.11  -50.27  6.94  1.52  1.29  5.85
2010 03 28 -24.41  -49.95  1.98  1.45  1.27  5.61
2010 03 29 -22.05  -51.32  6.36  1.59  1.41  6.17
2010 03 30 -27.41  -50.5  -3.03  1.58  1.35  5.98
2010 03 31 -26.04  -49.94  7.89  1.53  1.33  5.89
2010 04 01 -25.27  -51.63  6.29  1.37  1.18  5.15
2010 04 02 -25.14  -51.49  4.54  1.56  1.36  6.03
2010 04 03 -23.64  -51.81  9.52  1.64  1.45  6.51
2010 04 04 -25.35  -51.82  5.42  1.66  1.38  6.39
2010 04 05 -25.33  -51.04  6.94  1.52  1.28  5.78
2010 04 06 -24.47  -51.98  6.37  1.56  1.28  5.78
2010 04 07 -24.92  -50.97  8.97  1.51  1.29  5.78
2010 04 08 -24.55  -52.19  13.35  1.6  1.34  6.09
2010 04 09 -25.27  -50.77  13.91  1.58  1.28  5.78
2010 04 10 -24.29  -51.26  14.64  1.58  1.31  5.88
2010 04 11 -24.02  -52.55  16.87  1.67  1.4  6.31
2010 04 12 -22.97  -51.45  15.09  1.67  1.38  6.3
2010 04 13 -24.56  -51.2  6.67  1.46  1.25  5.57
2010 04 14 -23.91  -51.85  7.75  1.42  1.2  5.28
2010 04 15 -24.55  -51.44  8.25  1.43  1.21  5.38
2010 04 16 -24.49  -51.48  9.15  1.42  1.23  5.34
2010 04 17 -25.66  -51.42  4.73  1.4  1.24  5.32
2010 04 18 -24.22  -52.41  10.92  1.43  1.26  5.41
2010 04 19 -24.9  -52.12  12.8  1.47  1.29  5.57
2010 04 20 -22.8  -53.28  19.53  1.63  1.4  6.19
2010 04 21 -26.13  -51.22  11.78  1.5  1.3  5.56
2010 04 22 -21.89  -56.15  21.44  1.72  1.53  6.58
2010 04 23 -10.16  -57.5  44.45  1.72  1.53  6.6
2010 04 24 -16.5  -60.36  49.41  1.66  1.46  6.26
2010 04 25 -23.82  -50.49  3.84  1.41  1.23  5.3
2010 04 26 -24.02  -51.2  3.65  1.41  1.28  5.4
2010 04 27 -23.44  -54.95  8.68  1.68  1.45  6.51
2010 04 28 -23.18  -52.02  7.63  1.59  1.42  6.14
2010 04 29 -25.49  -51.38  8.54  1.51  1.32  5.8
2010 04 30 -25.29  -50.27  1.26  1.45  1.25  5.52
2010 05 01 -25.48  -51.38  5.59  1.45  1.26  5.49
2010 05 02 -25.46  -52.5  10.14  1.45  1.26  5.45
2010 05 03 -25.17  -51.28  11.69  1.44  1.27  5.5
2010 05 04 -23.95  -50.83  10.52  1.5  1.33  5.74
2010 05 05 -24.94  -52.61  19.24  1.48  1.3  5.73
2010 05 06 -25.46  -50.72  14.69  1.41  1.22  5.34
2010 05 07 -25.18  -50.82  14.45  1.45  1.27  5.52
2010 05 08 -24.15  -50.31  17.1  1.47  1.31  5.74
2010 05 09 -24.77  -51.31  13.42  1.54  1.38  6.01
2010 05 10 -23.36  -52.31  14.06  1.5  1.37  5.82
2010 05 11 -25.2  -50.09  5.24  1.47  1.31  5.55
2010 05 12 -24.72  -51.39  8.47  1.44  1.27  5.47
2010 05 13 -24.64  -50.91  11.5  1.42  1.29  5.46
2010 05 14 -24.61  -52.35  10.94  1.44  1.34  5.53
2010 05 15 -24.56  -53.19  12.36  1.59  1.45  6.28
2010 05 16 -24.13  -52.64  16.73  1.47  1.34  5.75
2010 05 17 -22.21  -52.61  17.77  1.52  1.37  5.91
2010 05 18 -24.31  -51.76  16.38  1.49  1.36  5.85
2010 05 19 -23.77  -51.95  16.66  1.53  1.41  6
2010 05 20 -24.81  -53.49  26.86  1.67  1.53  6.49
2010 05 21 -23.4  -52.58  18.78  1.53  1.41  6.03
2010 05 22 -22.49  -51.3  10.89  1.45  1.32  5.57
2010 05 23 -23.93  -50.66  11.95  1.38  1.27  5.34
2010 05 24 -24  -52.25  8.38  1.4  1.28  5.43
2010 05 25 -22.79  -52.99  9.99  1.41  1.31  5.4
2010 05 26 -23.17  -52.37  13  1.49  1.36  5.67
2010 05 27 -23.02  -53.58  13.52  1.53  1.41  5.95
2010 05 28 -23.93  -52.81  13.07  1.49  1.36  5.73
2010 05 29 -24.16  -52.38  7.5  1.42  1.3  5.46
2010 05 30 -23.08  -52.34  9.3  1.63  1.47  6.29
2010 05 31 -23.58  -49.53  13.84  1.71  1.55  6.72
2010 06 01 -23.15  -51.63  12.26  1.68  1.52  6.59
2010 06 02 -22.73  -49.4  5.69  1.81  1.61  7.26
2010 06 03 -21.58  -49.88  16.48  1.74  1.57  6.98
2010 06 04 -22.14  -52.03  16.57  1.73  1.58  6.93
2010 06 05 -22.51  -51.79  18.24  1.7  1.51  6.69
2010 06 06 -20.15  -49.85  20.37  3.22  2.63  11.39
2010 06 07 -22.99  -51.6  17.9  1.72  1.59  6.78
2010 06 08 -22.86  -52.35  9.85  1.56  1.42  6.09
2010 06 09 -19.85  -51.77  21.95  1.82  1.62  7.24
2010 06 10 -22.07  -53.66  15.98  1.58  1.42  6.17
2010 06 11 -23.61  -52.72  12.72  1.56  1.39  5.99
2010 06 12 -25.48  -52.1  11.32  1.54  1.41  5.88
2010 06 13 -24.96  -52.54  13.23  1.46  1.32  5.62
2010 06 14 -24.72  -52.35  18.71  1.45  1.34  5.7
2010 06 15 -22.52  -50.45  18.84  1.44  1.34  5.66
2010 06 16 -22.84  -50.37  12.41  1.58  1.44  6.16
2010 06 17 -23.62  -51.44  19.01  1.6  1.44  6.22
2010 06 18 -22.09  -51.67  20.47  1.52  1.4  5.93
2010 06 19 -23.2  -52.64  16.39  1.45  1.32  5.65
2010 06 20 -23.35  -54.63  21.06  1.43  1.3  5.6
2010 06 21 -24.67  -52.12  15.32  1.5  1.32  5.75
2010 06 22 -23.34  -52.99  11.26  1.54  1.39  5.91
2010 06 23 -23.43  -53.51  14.63  1.65  1.53  6.53
2010 06 24 -24.82  -53.65  17.01  1.62  1.52  6.43
2010 06 25 -24.67  -52.13  14.39  1.48  1.37  5.85
2010 06 26 -23.65  -53.19  17.84  1.46  1.32  5.67
2010 06 27 -23.23  -52.99  19.19  1.48  1.34  5.72
2010 06 28 -23.89  -52.69  20.32  1.52  1.41  6.02
2010 06 29 -22.68  -50.03  20.51  1.52  1.39  5.94
2010 06 30 -23.05  -51.32  20.74  1.46  1.34  5.7
2010 07 01 -23.45  -50.67  20.23  1.41  1.29  5.44
2010 07 02 -23.97  -52.32  22.19  1.45  1.37  5.71
2010 07 03 -23.08  -53.15  12.09  1.45  1.39  5.75
2010 07 04 -23.64  -51.67  12.91  1.39  1.31  5.42
2010 07 05 -22.72  -53.15  16.96  1.37  1.31  5.4
2010 07 06 -22.57  -53.85  17.11  1.51  1.4  5.98
2010 07 07 -25.83  -51.55  25.72  1.56  1.46  6.08
2010 07 08 -24.27  -53.12  20.61  1.51  1.44  6.02
2010 07 09 -24.22  -50.89  5.6  1.57  1.46  6.29
2010 07 10 -24.05  -50.59  17.45  1.51  1.41  5.91
2010 07 11 -22.48  -52.72  16.81  1.45  1.35  5.67
2010 07 12 -24.29  -51.25  16.09  1.43  1.32  5.69
2010 07 13 -24.52  -51.18  20.01  1.48  1.38  5.86
2010 07 14 -24.39  -50.72  13.19  1.45  1.37  5.77
2010 07 15 -24.7  -52  12.31  1.49  1.38  5.91
2010 07 16 -23.34  -52.44  15.43  1.48  1.35  5.77
2010 07 17 -22.23  -51.29  19.4  1.56  1.47  6.13
2010 07 18 -23.58  -52.01  10.85  1.58  1.46  6.27
2010 07 19 -23.34  -51.95  10.31  1.39  1.3  5.5
2010 07 20 -23.38  -51.33  13.66  1.46  1.37  5.75
2010 07 21 -25.02  -53.03  12.91  1.49  1.38  5.86
2010 07 22 -23.93  -52.56  15.62  1.49  1.4  5.89
2010 07 23 -24.21  -52.32  15.65  1.55  1.42  6.11
2010 07 24 -23.6  -51.86  8.8  1.54  1.42  6.07
2010 07 25 -23.34  -52.92  19.19  1.53  1.41  5.97
2010 07 26 -24.09  -51.19  13.27  1.82  1.74  7.3
2010 07 27 -22.83  -51.69  11.47  1.58  1.45  6.22
2010 07 28 -21.62  -51.21  9.93  1.5  1.39  5.93
2010 07 29 -21.11  -51.56  11.5  1.51  1.41  6
2010 07 30 -22.74  -53.36  13.09  1.58  1.46  6.14
2010 07 31 -21.47  -52.31  9.29  1.42  1.3  5.55
2010 08 01 -21.47  -52.69  11.81  1.44  1.35  5.72
2010 08 02 -21.76  -53.53  13.32  1.46  1.34  5.72
2010 08 03 -22.73  -53.55  12.92  1.45  1.34  5.72
2010 08 04 -23.36  -53.87  8.36  1.46  1.35  5.76
2010 08 05 -23.03  -53.39  15.85  1.48  1.37  5.88
2010 08 06 -21.26  -53.23  20.66  2.09  1.93  8.81
2010 08 07 -22.89  -52.34  19.99  1.56  1.44  6.1
2010 08 08 -25.39  -54.65  15.4  1.8  1.64  7.15
2010 08 09 -23.31  -49.69  14.49  1.53  1.4  5.94
2010 08 10 -22.28  -52.89  19.93  1.51  1.39  5.94
2010 08 11 -21.61  -51.34  15.77  1.45  1.33  5.66
2010 08 12 -22.02  -53.1  16.8  1.57  1.44  6.27
2010 08 13 -22.35  -52.21  20.44  1.49  1.38  5.92
2010 08 14 -24.85  -54.82  11.94  1.53  1.42  6.03
2010 08 15 -24.11  -54.2  12.87  1.5  1.41  5.97
2010 08 16 -23.93  -53.34  15.17  1.51  1.41  5.94
2010 08 17 -22.87  -54.33  17.85  1.49  1.41  5.92
2010 08 18 -22.65  -51.47  20.27  1.59  1.51  6.32
2010 08 19 -22.64  -51.31  21.87  1.69  1.62  6.97
2010 08 20 -21.8  -53.19  22.36  1.45  1.36  5.76
2010 08 21 -24.43  -52.53  24.32  1.74  1.61  7.13
2010 08 22 -22.93  -48.86  25.9  1.7  1.58  6.84
2010 08 23 -22.65  -51.79  18.5  1.44  1.3  5.59
2010 08 24 -24.23  -53.02  18.23  1.47  1.31  5.67
2010 08 25 -23.19  -51.57  16.21  1.46  1.31  5.65
2010 08 26 -20.54  -52.67  20.97  1.56  1.44  6.22
2010 08 27 -20.8  -52.86  16.16  1.48  1.36  5.85
2010 08 28 -20.79  -51.18  21.93  1.16  1.07  4.74
2010 08 29 -22.46  -53.72  18.62  1.08  0.99  4.31
2010 08 30 -22.44  -53.18  19.1  1.39  1.28  5.54
2010 08 31 -22.02  -53.64  17.89  1.39  1.28  5.52
2010 09 01 -22.31  -53.58  18.05  1.35  1.23  5.34
2010 09 02 -22.87  -52.69  18.6  1.41  1.28  5.6
2010 09 03 -22.97  -52.92  20.94  1.54  1.41  6.18
2010 09 04 -21.45  -52.91  24.22  1.39  1.25  5.52
2010 09 05 -22.75  -52  25.61  1.38  1.26  5.48
2010 09 06 -22.29  -51.66  22.83  1.37  1.22  5.38
2010 09 07 -21.09  -51.91  24.65  1.44  1.28  5.67
2010 09 08 -21.22  -54.2  29.51  1.51  1.37  6.12
2010 09 09 -21.46  -52.83  20.25  1.57  1.37  6.22
2010 09 10 -20.9  -54.45  17.46  1.34  1.19  5.17
2010 09 11 -23.16  -53.32  16.02  1.44  1.3  5.64
2010 09 12 -22.89  -53.99  15.38  1.4  1.23  5.42
2010 09 13 -21.86  -54.05  15.27  1.45  1.3  5.64
2010 09 14 -22.36  -53.98  18.96  1.48  1.31  5.76
2010 09 15 -23.4  -52.53  21.93  1.38  1.24  5.4
2010 09 16 -22.39  -53.86  22.17  1.4  1.26  5.48
2010 09 17 -20.88  -52.98  20.67  1.43  1.29  5.66
2010 09 18 -20.53  -52.27  18.29  1.46  1.32  5.78
2010 09 19 -22.22  -55.81  29.12  1.73  1.53  6.91
2010 09 20 -21.17  -53.39  21.4  1.6  1.41  6.32
2010 09 21 -21.36  -52.81  21.34  1.59  1.43  6.39
2010 09 22 -20.74  -53.83  22.09  1.6  1.4  6.32
2010 09 23 -21.63  -54.53  16.02  1.54  1.32  5.96
2010 09 24 -22.41  -54.26  15.22  1.54  1.33  6.01
2010 09 25 -22.89  -54.29  12.44  1.54  1.33  5.98
2010 09 26 -21.7  -53.98  16.1  1.12  0.98  4.37
2010 09 27 -22.37  -54.52  16.82  1.1  0.97  4.28
2010 09 28 -22.73  -53.24  17.28  1.16  1.01  4.53
2010 09 29 -22.81  -53.55  18.58  1.1  0.97  4.31
2010 09 30 -22.01  -52.36  19.69  1.46  1.3  5.69
2010 10 01 -24.91  -53.4  22.45  1.51  1.34  5.83
2010 10 02 -20.75  -52.13  15.51  1.47  1.3  5.7
2010 10 03 -20.66  -53.4  15.73  1.52  1.37  5.99
2010 10 04 -21.28  -52.72  7.84  1.61  1.44  6.29
2010 10 05 -21.54  -54.74  15.86  1.51  1.33  5.87
2010 10 06 -21.79  -53.84  9.81  1.59  1.41  6.22
2010 10 07 -20.73  -55.2  15.23  1.39  1.22  5.4
2010 10 08 -21.36  -54.89  15.22  1.43  1.25  5.55
2010 10 09 -21.51  -55.38  11.84  1.37  1.2  5.35
2010 10 10 -22.03  -54.9  11.72  1.39  1.22  5.41
2010 10 11 -20.5  -54.3  10.65  1.54  1.32  6.02
2010 10 12 -21.31  -55.76  15.64  1.57  1.35  6.19
2010 10 13 -22.06  -54.47  20.99  1.57  1.35  6.19
2010 10 14 -21.14  -53.83  16.78  1.55  1.34  6.17
2010 10 15 -20.37  -53.63  20.6  1.53  1.33  6.09
2010 10 16 -20.79  -54.51  20.21  1.56  1.35  6.13
2010 10 17 -19.75  -53.08  24.56  1.64  1.42  6.53
2010 10 18 -21.34  -53.86  6.93  1.67  1.41  6.6
2010 10 19 -21.82  -56.45  11.03  1.66  1.43  6.66
2010 10 20 -21.01  -54.98  18.8  1.62  1.37  6.34
2010 10 21 -21.04  -55.96  16.36  1.58  1.36  6.23
2010 10 22 -20.36  -54.92  16.86  1.75  1.51  7.04
2010 10 23 -19.28  -49.94  30.65  1.93  1.65  7.55
2010 10 24 -20.36  -56.65  27.78  1.62  1.39  6.51
2010 10 25 -22.72  -56.64  17.78  1.67  1.43  6.57
2010 10 26 -21.48  -56.1  13.85  1.5  1.3  5.97
2010 10 27 -20.99  -55.84  17.93  1.47  1.27  5.9
2010 10 28 -22.14  -55.08  14.49  1.65  1.44  6.64
2010 10 29 -19.91  -56.82  17.1  1.67  1.43  6.68
2010 10 30 -21.08  -54.54  16.51  1.54  1.33  6.09
2010 10 31 -20.45  -55.11  18.61  1.73  1.5  6.95
2010 11 01 -20.6  -55.03  10.71  1.51  1.34  6.06
2010 11 02 -20.76  -55.76  11.19  1.53  1.32  5.97
2010 11 03 -20.41  -56.05  9.61  1.48  1.28  5.82
2010 11 04 -20.16  -55.94  9.18  1.39  1.25  5.43
2010 11 05 -19.41  -55.59  12.02  1.41  1.28  5.54
2010 11 06 -20.35  -57.14  14.44  1.46  1.32  5.77
2010 11 07 -20.46  -57.7  20.02  1.54  1.38  6.07
2010 11 08 -21.71  -56.22  13.83  1.53  1.4  6.08
2010 11 09 -21.05  -56.12  18.79  1.5  1.36  5.92
2010 11 10 -21.36  -54.53  25.82  1.47  1.35  5.75
2010 11 11 -23.4  -57.04  29.55  2.02  1.84  8.13
2010 11 12 -21.08  -54.06  11.18  1.37  1.24  5.39
2010 11 13 -21.25  -54.69  13.4  1.39  1.28  5.55
2010 11 14 -22.33  -54.87  15.78  1.42  1.32  5.63
2010 11 15 -20.62  -56.33  19.41  1.43  1.33  5.72
2010 11 16 -20.94  -55.57  20.17  1.39  1.28  5.51
2010 11 17 -20.61  -54.99  14.45  1.42  1.29  5.61
2010 11 18 -19.58  -56.64  24.97  1.47  1.34  5.86
2010 11 19 -21.35  -56.4  28.36  1.64  1.5  6.44
2010 11 20 -21.15  -57.11  23  1.45  1.32  5.72
2010 11 21 -20.4  -56.6  24.11  1.74  1.62  6.86
2010 11 22 -22.17  -56.22  20.82  1.49  1.39  5.85
2010 11 23 -21.74  -56.35  23.01  1.54  1.43  6.22
2010 11 24 -21.57  -55.86  11.95  1.45  1.35  5.8
2010 11 25 -21.51  -55.45  10.95  1.4  1.31  5.65
2010 11 26 -20.92  -55.82  17.94  1.35  1.25  5.37
2010 11 27 -20.48  -57.75  24.43  1.51  1.39  6.09
2010 11 28 -21.32  -55.84  16.8  1.43  1.32  5.65
2010 11 29 -20.21  -55.8  13.18  1.43  1.28  5.62
2010 11 30 -20.04  -55.53  13.82  1.38  1.25  5.43
2010 12 01 -20.05  -56.77  15.38  1.38  1.25  5.48
2010 12 02 -21.18  -58.65  21  1.49  1.35  5.87
2010 12 03 -21.15  -57.12  20.09  1.5  1.37  5.98
2010 12 04 -21.56  -57.23  12.62  1.44  1.31  5.69
2010 12 05 -19.98  -58.07  15.52  1.6  1.42  6.28
2010 12 06 -20.78  -57.61  21.11  1.59  1.45  6.24
2010 12 07 -21.19  -55.3  17.75  1.45  1.29  5.58
2010 12 08 -21.27  -57.28  24.74  1.58  1.43  6.26
2010 12 09 -19.59  -54.87  24.95  1.59  1.47  6.39
2010 12 10 -21.04  -54.71  20.16  1.54  1.38  6.12
2010 12 11 -20.84  -55.53  15.05  1.5  1.34  5.88
2010 12 12 -21.25  -56.27  17.8  1.44  1.27  5.63
2010 12 13 -19.88  -56.38  23.52  1.43  1.27  5.64
2010 12 14 -20.98  -59.08  23.78  1.61  1.45  6.38
2010 12 15 -20.33  -57.54  17.08  1.45  1.29  5.61
2010 12 16 -20.17  -57.19  16.49  1.39  1.24  5.35
2010 12 17 -20.34  -56.57  16.29  1.45  1.3  5.58
2010 12 18 -21.78  -58.2  12.51  1.64  1.44  6.17
2010 12 19 -22.81  -58.77  16.81  1.59  1.43  6.19
2010 12 20 -23.63  -58.25  18.93  1.5  1.36  5.79
2010 12 21 -20.76  -56.04  19.88  1.51  1.36  5.88
2010 12 22 -22.1  -56.72  21.09  1.51  1.32  5.8
2010 12 23 -21.99  -55.79  19.22  1.45  1.29  5.54
2010 12 24 -21.02  -55.18  11.92  1.42  1.26  5.43
2010 12 25 -20.81  -56.88  15.73  1.41  1.29  5.59
2010 12 26 -20.95  -58.3  15.57  1.43  1.31  5.59
2010 12 27 -21.34  -57.75  12.45  1.47  1.31  5.7
2010 12 28 -21.47  -57.26  8.77  1.4  1.25  5.39
2010 12 29 -21.28  -58.34  23.32  1.55  1.37  5.96
2010 12 30 -22.28  -57.29  15.86  1.48  1.32  5.77
2010 12 31 -21.76  -57.31  9.74  1.43  1.31  5.66
2011 01 01 -22.14  -57.97  10.31  1.43  1.32  5.51
2011 01 02 -21.29  -56.92  9.71  1.58  1.42  6.13
2011 01 03 -22.21  -57.46  11.93  1.53  1.35  5.99
2011 01 04 -21.45  -56.61  8.63  1.55  1.41  6.19
2011 01 05 -21.14  -56.96  11.21  1.55  1.42  6.21
2011 01 06 -21.18  -56.17  11.23  1.53  1.38  6.08
2011 01 07 -20.7  -56.99  15.87  1.5  1.38  5.93
2011 01 08 -20.43  -56.91  17.52  1.49  1.36  5.92
2011 01 09 -20.62  -57.8  17.17  1.51  1.36  5.82
2011 01 10 -20.41  -57.06  12.72  1.52  1.4  6.12
2011 01 11 -20  -56.68  13.73  1.58  1.48  6.32
2011 01 12 -20  -57.01  13.86  1.7  1.55  6.76
2011 01 13 -19.95  -57.72  8.7  1.64  1.48  6.51
2011 01 14 -20.8  -57.98  9.84  1.58  1.41  6.22
2011 01 15 -21.75  -56.79  9.6  1.54  1.38  6.03
2011 01 16 -21.37  -55.19  7.93  1.67  1.56  6.65
2011 01 17 -21.63  -57.33  10.45  1.58  1.42  6.19
2011 01 18 -20.84  -56.28  11  1.45  1.35  5.56
2011 01 19 -21.75  -56.34  16.25  1.46  1.36  5.67
2011 01 20 -19.97  -56.56  10.95  1.41  1.28  5.46
2011 01 21 -20.43  -56.29  9.25  1.37  1.24  5.29
2011 01 22 -19.74  -55.9  2.52  1.64  1.48  6.44
2011 01 23 -20.5  -56.58  4.8  1.61  1.46  6.41
2011 01 24 -20.47  -56.79  4.13  1.43  1.32  5.49
2011 01 25 -20.39  -57.21  1.56  1.55  1.37  6.01
2011 01 26 -19.47  -56.53  7.8  1.75  1.55  6.63
2011 01 27 -20.19  -57.08  6.77  1.54  1.38  6.01
2011 01 28 -20.95  -57.14  10.48  1.54  1.39  6.09
2011 01 29 -20.3  -58.04  7.29  1.62  1.42  6.26
2011 01 30 -21.74  -57.57  12.27  1.61  1.44  6.3
2011 01 31 -21.04  -58.09  10.17  1.43  1.26  5.41
2011 02 01 -20.59  -57.98  6.62  1.53  1.37  5.95
2011 02 02 -20.98  -56.39  5.17  1.54  1.38  5.98
2011 02 03 -20.93  -57.07  6.1  1.39  1.27  5.39
2011 02 04 -19.69  -56.49  2.13  1.55  1.38  6.04
2011 02 05 -22.23  -57.04  1.26  1.52  1.38  5.9
2011 02 06 -20.3  -56.74  9.62  1.48  1.34  5.87
2011 02 07 -20.83  -57.21  12.37  1.55  1.38  6.09
2011 02 08 -20.21  -58.63  14.38  1.47  1.33  5.7
2011 02 09 -20.64  -58.29  11.09  1.47  1.31  5.57
2011 02 10 -20.12  -58.39  9.68  1.48  1.3  5.73
2011 02 11 -20.66  -58.4  8.53  1.41  1.28  5.46
2011 02 12 -20.76  -57.74  5.49  1.48  1.35  5.86
2011 02 13 -20.11  -57.01  11.12  1.4  1.23  5.38
2011 02 14 -20.69  -59.48  22.64  1.62  1.44  6.22
2011 02 15 -21.82  -60.81  31.65  1.63  1.46  6.23
2011 02 16 -19.28  -60.57  18.81  1.55  1.39  5.96
2011 02 17 -18.83  -58.49  19.04  1.46  1.28  5.54
2011 02 18 -19.23  -60.46  26.28  1.59  1.41  6.14
2011 02 19 -14.96  -62.41  48.38  1.59  1.41  6.05
2011 02 20 -15.4  -63.08  40.47  1.7  1.45  6.37
2011 02 21 -17.82  -62.34  23.11  1.54  1.35  5.88
2011 02 22 -18.17  -61.37  11.76  1.45  1.28  5.5
2011 02 23 -19.37  -61.41  12.14  1.41  1.23  5.27
2011 02 24 -19.18  -61.12  17.85  1.39  1.22  5.31
2011 02 25 -19.39  -64.78  27.75  1.54  1.35  5.76
2011 02 26 -17.47  -66.82  47.23  1.55  1.37  5.98
2011 02 27 -14.83  -65.64  39.52  1.77  1.57  6.79
2011 02 28 -18.61  -57.79  36.45  1.57  1.39  5.93
2011 03 01 -27.85  -58.96  10.08  1.32  1.17  4.94
2011 03 02 -22.54  -60.51  12.26  1.48  1.29  5.59
2011 03 03 -17.38  -61.28  26.08  1.58  1.38  5.99
2011 03 04 -16.77  -59.5  18.71  1.43  1.25  5.31
2011 03 05 -19.61  -58.68  18.25  1.33  1.16  4.96
2011 03 06 -19.48  -59.88  17.1  1.45  1.21  5.37
2011 03 07 -19.86  -59.97  16.88  1.65  1.42  6.22
2011 03 08 -19.94  -60.92  15.66  1.64  1.4  6.16
2011 03 09 -19.36  -59.27  5  1.56  1.32  5.85
2011 03 10 -21.31  -60.05  4.43  1.46  1.28  5.51
2011 03 11 -18.13  -60.54  12.91  1.43  1.26  5.4
2011 03 12 -19.53  -59.87  5.52  1.33  1.14  4.87
2011 03 13 -18.84  -58.93  8.71  1.38  1.2  5.12
2011 03 14 -17.96  -60.73  24.16  1.67  1.44  6.21
2011 03 15 -12.27  -59.23  46.33  1.74  1.48  6.38
2011 03 16 -11.96  -68.69  81.49  1.75  1.52  6.59
2011 03 17 -14.47  -66.09  81.54  1.65  1.4  6.16
2011 03 18 -12.11  -70.79  103.07  1.89  1.64  7.21
2011 03 19 -11.84  -67.93  89.75  1.74  1.54  6.52
2011 03 20 -6.91  -76.06  125.72  1.84  1.71  6.96
2011 03 21 -13.69  -83.04  144.18  1.75  1.51  6.56
2011 03 22 -11.36  -79.02  141.34  1.73  1.47  6.52
2011 03 23 -7.69  -78.95  150.74  1.72  1.52  6.54
2011 03 24 -9.34  -84.31  165.14  1.84  1.61  6.98
2011 03 25 -4.41  -75.93  158.57  1.84  1.58  6.9
2011 03 26 -7.71  -80.08  174.88  2.03  1.77  7.63
2011 03 27 -8.04  -79.55  158.14  2.61  2.45  10.27
2011 03 28 -6.46  -79.12  136.34  1.99  1.79  7.68
2011 03 29 -8.81  -77.36  122.3  2.02  1.71  7.49
2011 03 30 -9.73  -80.06  113.91  2.05  1.81  7.91
2011 03 31 -13.01  -77.62  114.83  1.82  1.64  6.89
2011 04 01 -15.38  -78.67  95.79  1.88  1.67  7.01
2011 04 02 -23  -76.95  110.15  2  1.69  7.55
2011 04 03 -19.86  -78.09  91.08  1.9  1.68  7.05
2011 04 04 -20.81  -77.53  82.7  1.8  1.59  6.67
2011 04 05 -19.02  -77.62  82.74  2.11  1.79  7.88
2011 04 06 -18.57  -74.67  96.61  1.71  1.48  6.25
2011 04 07 -18.16  -74.55  99.87  1.7  1.49  6.23
2011 04 08 -18.99  -74.42  92.56  1.72  1.51  6.3
2011 04 09 -16.21  -73.53  87.6  1.65  1.44  6.09
2011 04 10 -15.79  -73.63  90.73  1.66  1.47  6.11
2011 04 11 -11.65  -76.64  119.99  2.03  1.79  7.43
2011 04 12 -9.34  -78.47  135  2.13  1.82  7.71
2011 04 13 -14.79  -74.53  119.69  1.79  1.6  6.71
2011 04 14 -13.37  -75.32  112.8  2  1.68  7.42
2011 04 15 -14.64  -71.67  105.54  1.94  1.69  7.23
2011 04 16 -10.05  -69.04  27.58  1.77  1.6  6.72
2011 04 17 -17.18  -67.07  6.43  1.77  1.51  6.72
2011 04 18 -19.73  -61.14  16.99  1.68  1.43  6.4
2011 04 19 -19.59  -60.33  3.94  1.6  1.37  6.06
2011 04 20 -19.24  -61.96  6.75  1.65  1.43  6.41
2011 04 21 -17.23  -60.66  -0.45  1.79  1.53  6.96
2011 04 22 -19.62  -60.14  -6.61  1.47  1.24  5.41
2011 04 23 -17.01  -62.55  -3.04  1.61  1.38  6.04
2011 04 24 -12.64  -59.03  19.02  1.72  1.51  6.64
2011 04 25 -14.74  -58.39  17.75  1.81  1.53  6.89
2011 04 26 -17.18  -58.07  6.65  1.38  1.19  5.17
2011 04 27 -21.48  -60.11  -0.54  1.28  1.08  4.79
2011 04 28 -19.06  -61.32  2.38  1.47  1.28  5.62
2011 04 29 -19.94  -61.13  2.11  1.3  1.1  4.87
2011 04 30 -19.72  -59.48  3.04  1.28  1.1  4.73
2011 05 01 -20.15  -61.2  4.19  1.21  1.08  4.48
2011 05 02 -21.16  -61.6  3.97  1.23  1.08  4.56
2011 05 03 -21.62  -63.29  6.84  2  2.3  8.48
2011 05 14 -16.23  -62.96  5.71  1.68  1.51  6.66
2011 05 17 -19.37  -62.86  7.72  1.52  1.37  6.04
2013 06 16 -3.97  -79.21  2.47  1.75  1.55  6.33
2013 06 17 -5.42  -77.9  4.81  1.71  1.52  6.21
2013 06 18 -5.47  -78.32  5.7  1.81  1.59  6.52
2013 06 19 -4.63  -78.83  15.14  1.79  1.57  6.41
2013 06 20 -4.49  -79.49  12.44  1.7  1.51  6.15
2013 06 21 -3.67  -80.53  14.63  1.86  1.67  6.81
2013 06 22 -4.74  -80.17  -11.02  1.82  2.07  6.78
2013 06 23 -3.84  -77.94  19.88  1.73  1.53  6.32
2013 06 24 -3.83  -78.34  16.88  1.95  1.7  7.04
2013 06 25 -3.71  -81.22  18.67  2.06  1.88  7.65
2013 06 26 -0.22  -77.63  7.13  1.87  1.63  6.75
2013 06 27 -3.94  -79.4  13.23  1.78  1.57  6.43
2013 06 28 -7.18  -78.12  7.29  1.94  1.71  7.02
2013 06 29 -4.5  -81.15  15.82  2.1  1.82  7.54
2013 06 30 -4.57  -78.49  6.1  1.92  1.7  6.91
2013 07 01 -6.01  -79.6  16.18  1.84  1.64  6.61
2013 07 02 -5.32  -78.23  7.76  1.93  1.71  6.92
2013 07 03 -4.47  -79.36  16.02  1.92  1.7  6.97
2013 07 04 -3.93  -78.29  12.07  2.18  1.89  7.82
2013 07 05 -5.28  -80.35  18.36  1.83  1.61  6.67
2013 07 06 -4.71  -80.07  16.08  1.74  1.53  6.29
2013 07 07 -4.35  -79.27  16.61  1.77  1.55  6.38
2013 07 08 -4.12  -79.79  17.7  1.8  1.6  6.51
2013 07 09 -4.8  -78.56  10.72  1.74  1.55  6.3
2013 07 10 -4.86  -79.26  9.45  1.77  1.57  6.45
2013 07 11 -3.6  -78.35  6.61  1.6  1.45  5.84
2013 07 12 -1.76  -79.09  28.44  2.03  1.92  7.64
2013 07 13 -4.71  -79.11  13.94  1.81  1.59  6.63
2013 07 14 -3.85  -79.46  13.13  1.76  1.55  6.47
2013 07 15 -5.92  -80.13  9.68  1.78  1.58  6.52
2013 07 16 -0.35  -78.47  3.12  2.13  2.01  8.01
2013 07 17 -5.34  -78.97  9.64  1.78  1.54  6.41
2013 07 18 -4.95  -78.15  7.08  2.02  1.87  7.54
2013 07 19 -4.92  -78.69  16.93  1.92  1.65  6.97
2013 07 20 -4.43  -75.19  17.51  2.22  2.08  8.42
2013 07 21 -7.49  -80.71  27.21  2.09  1.78  7.56
2013 07 22 -6.05  -80.56  28.79  1.97  1.78  7.29
2013 07 23 -5.47  -79.24  15.73  1.99  1.82  7.4
2013 07 24 -7.3  -80.59  21.95  5.98  5.5  28.34
2013 07 25 -5.08  -78.24  12.68  2.28  2.08  8.36
2013 07 26 -5.86  -79.14  8.37  2.21  1.9  7.99
2013 07 27 -4.89  -84.79  36.35  2.37  2.09  8.46
2013 07 28 -5.2  -83.47  23.04  2.16  1.87  7.77
2013 07 29 -6.78  -80.78  29.7  2.08  1.88  7.74
2013 07 30 -3.6  -80.82  25.16  2.18  1.98  7.93
2013 07 31 -3.68  -82.17  26.48  2.12  1.9  7.85
2013 08 01 -3.08  -78.61  25.75  1.87  1.62  6.78
2013 08 02 -4.84  -79.19  19.93  1.8  1.54  6.4
2013 08 03 -5.03  -79.86  14.86  1.82  1.55  6.56
2013 08 04 -3.2  -79.98  17.17  1.78  1.52  6.36
2013 08 05 -4.4  -79.57  18.55  1.89  1.67  6.95
2013 08 06 -4.76  -79.29  22.28  1.88  1.61  6.84
2013 08 07 -4.36  -80.53  22.51  2.19  1.94  8.03
2013 08 08 -4.65  -80.85  20.53  1.99  1.7  7.17
2013 08 09 -4.59  -81.54  27.01  2.12  1.86  7.8
2013 08 10 -5.72  -81.91  24.46  6.8  6.86  33.5
2013 08 11 -3.46  -79.38  16.15  1.88  1.61  6.84
2013 08 12 -4.38  -78.24  18.3  1.8  1.52  6.46
2013 08 13 -4.64  -79.25  19.45  1.74  1.49  6.31
2013 08 14 -5.54  -78.44  20.79  1.72  1.45  6.24
2013 08 15 -4.79  -79.55  24.58  1.69  1.45  6.18
2013 08 16 -4.36  -79.04  30.99  1.76  1.51  6.34
2013 08 17 -3.12  -80.33  27.64  1.97  1.67  7.14
2011 05 12 -13.6  -55.45  11.84  6.83  4.11  26.87
2011 05 13 -17.92  -61.79  5.8  1.42  1.31  5.52
2011 05 15 -19.05  -63.4  3.13  1.68  1.54  6.65
2011 05 16 -19.1  -62.15  4.74  1.65  1.53  6.52
2011 05 18 -19.7  -61.36  7.86  1.59  1.44  6.36
2011 05 19 -20.24  -61.88  6.94  1.47  1.36  5.76
2011 05 20 -17.97  -62.05  0.84  5.96  4.43  28.75
2011 05 21 -16.68  -64.63  -5.62  1.76  1.62  6.95
2011 05 22 -17.91  -61.02  7.48  1.55  1.41  6.17
2011 05 23 -18.7  -61.47  4.44  1.45  1.33  5.69
2011 05 24 -18.55  -60.78  5.19  1.44  1.32  5.64
2011 05 25 -17.43  -63.8  7.68  1.47  1.36  5.78
2011 05 26 -18.61  -61.26  14.2  1.63  1.5  6.36
2011 05 27 -18.83  -65.4  8.3  1.49  1.37  5.87
2011 05 28 -19.36  -64.26  14.77  1.5  1.39  5.92
2011 05 29 -19.62  -63.02  7.13  1.43  1.32  5.58
2011 05 30 -18.83  -64.04  6.66  1.44  1.34  5.61
2011 05 31 -15.51  -63.86  9.43  1.49  1.34  5.86
2011 06 01 -15.7  -63.93  7.45  1.75  1.56  7.03
2011 06 02 -17.52  -62.87  6.21  1.47  1.35  5.77
2011 06 03 -17.04  -62.62  1.73  1.43  1.31  5.66
2011 06 04 -16.69  -63.26  2.43  1.41  1.29  5.56
2011 06 05 -17.36  -61.98  6.01  1.59  1.47  6.29
2011 06 06 -19.26  -63.05  11.7  1.44  1.31  5.59
2011 06 07 -17.53  -62.34  7.42  1.46  1.31  5.55
2011 06 08 -19.17  -62.3  3.39  1.53  1.39  5.94
2011 06 09 -19.15  -62.38  0.2  1.41  1.29  5.53
2011 06 10 -17.38  -62.36  0.53  1.53  1.4  6.05
2011 06 11 -17.96  -64.53  4.22  1.51  1.38  6.03
2011 06 12 -18.43  -61.83  1.74  1.48  1.35  5.84
2011 06 13 -16.75  -62.3  -0.35  1.44  1.32  5.65
2011 06 14 -17.94  -62.46  0.46  1.54  1.4  5.94
2011 06 15 -17.67  -62  8.2  1.45  1.32  5.77
2011 06 16 -18.24  -63.16  12.18  1.46  1.31  5.69
2011 06 17 -17.88  -61.07  11.97  1.47  1.34  5.94
2011 06 18 -18.77  -61.49  8.4  1.45  1.32  5.74
2011 06 19 -17.65  -61.61  11.34  1.42  1.28  5.58
2011 06 20 -16.96  -61.83  9.86  1.38  1.25  5.42
2011 06 21 -17.47  -62.55  8.97  1.48  1.36  5.91
2011 06 22 -15.93  -61.74  4.29  1.6  1.46  6.31
2011 06 23 -14.23  -62.15  6.05  1.47  1.32  5.72
2011 06 24 -16.19  -63.07  7.5  1.44  1.32  5.69
2011 06 25 -16.91  -62.67  3.91  1.44  1.3  5.56
2011 06 26 -17.65  -62.61  6.82  1.38  1.26  5.38
2011 06 27 -17.29  -62.09  3.98  1.4  1.28  5.43
2011 06 28 -14.58  -63.6  9.07  1.55  1.46  6.15
2011 06 29 -15.65  -62.08  -6.79  1.83  1.75  7.33
2011 06 30 -18.01  -63.89  12.88  1.9  1.84  7.56
2011 07 01 -17.33  -62.8  5.4  1.5  1.43  5.91
2011 07 02 -17.09  -62.3  10.24  1.43  1.31  5.66
2011 07 03 -17.56  -61.4  10.48  1.69  1.55  6.71
2011 07 04 -16.95  -61.66  9.37  1.66  1.53  6.65
2011 07 05 -18.35  -62.46  1.87  1.89  1.73  7.67
2011 07 06 -18.25  -64.04  4.19  1.94  1.72  7.74
2011 07 07 -18.11  -62.33  6.19  1.71  1.54  6.83
2011 07 08 -17.34  -61.1  8.15  1.84  1.66  7.42
2011 07 09 -17.05  -64.01  5.8  1.7  1.53  6.74
2011 07 10 -17.77  -63.71  14.93  1.8  1.65  7.14
2011 07 11 -16.71  -62.46  13.25  1.63  1.47  6.45
2011 07 12 -16.91  -64.46  14.39  1.79  1.64  7.19
2011 07 13 -16.24  -64.11  8.91  1.8  1.66  7.29
2011 07 14 -17.62  -62.34  6.49  1.83  1.69  7.46
2011 07 15 -17.22  -62.47  10.96  1.8  1.6  7.2
2011 07 16 -17.06  -62.88  10.8  1.93  1.7  7.8
2011 07 17 -15.29  -62.95  8.35  1.58  1.4  6.28
2011 07 18 -14.45  -63.13  6.88  1.62  1.45  6.43
2011 07 19 -14.27  -61.38  6.83  1.74  1.55  7.01
2011 07 20 -17  -62.88  10.65  1.62  1.43  6.42
2011 07 21 -16.46  -65.4  11.92  1.62  1.42  6.36
2011 07 22 -16.1  -63.53  9  1.6  1.4  6.31
2011 07 23 -16.86  -63.23  4.96  1.67  1.47  6.62
2011 07 24 -17.13  -65.05  9.03  1.97  1.83  8.1
2011 07 25 -15.75  -63.81  6.81  1.69  1.48  6.65
2011 07 26 -16.59  -63.45  9.05  1.45  1.29  5.62
2011 07 27 -18.28  -62.77  9.65  1.62  1.43  6.39
2011 07 28 -17.54  -62.17  8.64  1.63  1.43  6.47
2011 07 29 -18.1  -62.94  12.43  1.53  1.39  5.98
2011 07 30 -16.41  -62.41  4.42  1.66  1.48  6.52
2011 07 31 -18.6  -60.95  10.1  1.94  1.68  7.73
2011 08 01 -15.43  -63.51  -3.53  1.58  1.43  6.12
2011 08 02 -16.55  -61.89  7.12  1.48  1.34  5.77
2011 08 03 -16.25  -63.9  9.56  2.24  2.03  9.02
2011 08 04 -18.04  -62.11  10.06  1.97  1.82  8.01
2011 08 05 -17.05  -64.08  10.73  2.07  1.93  8.38
2011 08 06 -16.72  -64.94  7.81  1.55  1.41  6.01
2011 08 07 -17.92  -62.14  14.84  2.06  1.92  8.22
2011 08 08 -17.72  -64.93  16.35  1.69  1.58  6.64
2011 08 09 -17.58  -64.03  18.17  1.86  1.83  7.52
2011 08 10 -15.63  -68.59  30.46  1.68  1.55  6.66
2011 08 11 -16.32  -63.22  15.02  1.53  1.36  6.08
2011 08 12 -16.57  -62.58  15.49  1.51  1.35  6.03
2011 08 13 -15.99  -63.8  13.63  1.52  1.36  6.04
2011 08 14 -14.17  -65.22  6.67  1.56  1.4  6.11
2011 08 15 -14.82  -62.95  12.42  1.51  1.33  5.89
2011 08 16 -16.01  -62.71  10.7  1.5  1.34  5.9
2011 08 17 -15.93  -62.77  5.93  1.45  1.3  5.65
2011 08 18 -16.82  -63.12  9.3  1.43  1.29  5.67
2011 08 19 -16.93  -63.64  8.55  1.44  1.29  5.57
2011 08 20 -16.09  -62.51  0.88  1.52  1.38  6.06
2011 08 21 -16.19  -63.48  6.96  1.56  1.42  6.3
2011 08 22 -14.95  -63.32  2.94  1.5  1.36  5.94
2011 08 23 -16.54  -62.37  8.86  1.68  1.55  6.72
2011 08 24 -15.62  -63.31  10.8  1.51  1.35  5.94
2011 08 25 -14.75  -63.17  14.3  1.55  1.39  6.13
2011 08 26 -13.41  -62.38  8.23  1.52  1.39  5.99
2011 08 27 -16.2  -62.27  13.47  1.57  1.39  6.15
2011 08 28 -15.36  -62.76  15.47  1.53  1.35  5.92
2011 08 29 -15.81  -62.56  10.39  1.45  1.31  5.71
2011 08 30 -16.27  -62.56  12.29  1.5  1.32  5.81
2011 08 31 -15.48  -64.32  9.42  1.5  1.3  5.77
2011 09 01 -16.1  -63.91  7.5  1.53  1.35  5.89
2011 09 02 -15.94  -63.47  6.35  1.48  1.31  5.75
2011 09 03 -17.96  -63.69  9.39  1.45  1.29  5.63
2011 09 04 -17.26  -62.85  7.37  1.58  1.41  6.23
2011 09 05 -17.11  -64.24  16.13  1.57  1.39  6.05
2011 09 06 -16.14  -62.28  7.03  1.51  1.35  5.89
2011 09 07 -15.47  -62.31  5.82  1.48  1.32  5.7
2011 09 08 -16.67  -63.5  9.7  1.55  1.38  5.94
2011 09 09 -14.69  -62.37  12.16  1.5  1.31  5.77
2011 09 10 -16.34  -62.88  15.74  1.52  1.34  5.85
2011 09 11 -14.95  -63.68  9.82  1.51  1.34  5.82
2011 09 12 -15.67  -62.69  10.23  1.56  1.41  6.12
2011 09 13 -15.16  -63.9  6.62  1.61  1.44  6.26
2011 09 14 -15.09  -64.29  14.2  1.58  1.4  6.07
2011 09 15 -15.8  -63.73  10.57  1.51  1.34  5.85
2011 09 16 -14.05  -65.33  17.42  1.57  1.4  6.12
2011 09 17 -14.55  -63.22  10.58  1.46  1.32  5.71
2011 09 18 -15.3  -63.54  6.74  1.61  1.45  6.31
2011 09 19 -15.14  -63.26  10.12  1.6  1.4  6.2
2011 09 20 -14.43  -62.16  8.32  1.73  1.58  6.77
2011 09 21 -16.02  -63.24  8.57  1.54  1.38  5.92
2011 09 22 -14.74  -62.14  7.18  1.85  1.64  7.24
2011 09 23 -14.91  -62.06  12.21  1.74  1.54  6.9
2011 09 24 -15.43  -63.62  4.74  1.91  1.69  7.59
2011 09 25 -12.19  -67.96  -6.09  1.99  1.77  7.88
2011 09 26 -15.97  -63.38  9.24  1.72  1.48  6.66
2011 09 27 -15.33  -63.75  6.12  1.68  1.48  6.59
2011 09 28 -15.31  -63.23  13.69  1.97  1.75  7.84
2011 09 29 -14.5  -65.39  20.72  1.7  1.57  6.91
2011 09 30 -14.35  -65.35  17.94  2.15  1.94  8.73
2011 10 01 -14.02  -64.54  18.99  1.91  1.65  7.56
2011 10 02 -13.37  -67.39  19.5  1.82  1.61  7.24
2011 10 03 -12.46  -65.14  17.61  1.78  1.57  7.04
2011 10 04 -13.93  -61.36  14.12  1.81  1.61  7.25
2011 10 05 -15.43  -63.93  31.8  1.98  1.76  7.98
2011 10 06 -15.07  -64.22  13.72  1.9  1.66  7.69
2011 10 07 -16.77  -64.24  11.97  1.75  1.51  6.91
2011 10 08 -14.9  -64.25  11.89  1.64  1.41  6.44
2011 10 09 -14.82  -64.41  10.96  1.67  1.43  6.62
2011 10 10 -15.07  -61.76  7.99  1.95  1.73  7.89
2011 10 11 -14.28  -63.03  15.67  1.81  1.56  7.28
2011 10 12 -16.05  -64.03  13.58  1.59  1.38  6.23
2011 10 13 -14.94  -63.76  13.33  1.7  1.44  6.67
2011 10 14 -15.24  -64.43  20.01  1.59  1.38  6.26
2011 10 15 -14.57  -63.38  8.6  1.61  1.4  6.4
2011 10 16 -13.73  -61.89  13.3  1.73  1.52  6.89
2011 10 17 -15.31  -63.77  16.95  1.57  1.37  6.15
2011 10 18 -15.38  -63.41  13.63  1.59  1.41  6.25
2011 10 19 -15.12  -64.01  13.64  1.69  1.49  6.6
2011 10 20 -15.15  -64.78  12.95  1.56  1.38  6.11
2011 10 21 -14.57  -64.12  12.42  1.56  1.37  6.14
2011 10 22 -14.55  -64  11.66  1.54  1.36  6.03
2011 10 23 -14.78  -64.65  14.39  1.56  1.38  6.03
2011 10 24 -14.24  -63.94  14.92  1.59  1.41  6.29
2011 10 25 -13.98  -66.38  8.55  1.62  1.43  6.4
2011 10 26 -15.44  -64.71  7.35  1.59  1.44  6.25
2011 10 27 -15.33  -65.41  11.3  1.53  1.36  6.04
2011 10 28 -15.83  -64.74  10.78  1.53  1.37  5.98
2011 10 29 -14.92  -64.57  13.08  1.57  1.43  6.14
2011 10 30 -15.65  -64.13  11.51  1.58  1.43  6.26
2011 10 31 -14.97  -63.82  14.18  1.55  1.38  6.14
2011 11 01 -15.78  -63.96  8.85  1.64  1.47  6.49
2011 11 02 -15.07  -62.95  15.36  1.52  1.37  5.95
2011 11 03 -14.57  -64.91  22.04  1.69  1.52  6.74
2011 11 04 -14.78  -65.07  13.24  1.65  1.47  6.44
2011 11 05 -14.58  -66.02  14.38  1.54  1.37  6.03
2011 11 06 -14.15  -66.02  10.89  1.62  1.46  6.39
2011 11 07 -14.97  -65.72  10.17  1.59  1.44  6.3
2011 11 08 -14.83  -65.51  13.42  1.54  1.38  6.05
2011 11 09 -14.75  -66.2  14.76  1.47  1.35  5.76
2011 11 10 -14.7  -65.32  12.13  1.55  1.4  6.08
2011 11 11 -14.91  -64.54  14  1.63  1.47  6.49
2011 11 12 -15.29  -65.28  14.21  2.07  1.89  8.31
2011 11 13 -15.7  -64.89  16.42  1.64  1.47  6.55
2011 11 14 -15.31  -64.55  19.44  1.56  1.39  6.18
2011 11 15 -15.63  -64.69  20.81  1.52  1.36  5.93
2011 11 16 -14.36  -63.77  16.32  1.62  1.49  6.42
2011 11 17 -13.62  -63.88  22.16  1.62  1.46  6.57
2011 11 18 -12.94  -64.22  29.93  1.91  1.71  7.85
2011 11 19 -13.3  -64.6  20.43  1.79  1.66  7.28
2011 11 20 -14.25  -65.78  14.21  1.59  1.43  6.32
2011 11 21 -12.43  -62.93  14.72  1.73  1.59  7.03
2011 11 22 -12.18  -64.81  17.43  1.63  1.44  6.52
2011 11 23 -13.07  -65.75  18.17  1.82  1.63  7.36
2011 11 24 -12.87  -65.29  20  1.82  1.65  7.51
2011 11 25 -15.51  -66.34  13.29  1.85  1.68  7.55
2011 11 26 -15.06  -65.46  12.51  1.58  1.42  6.36
2011 11 27 -14.83  -65.44  17.22  1.56  1.38  6.16
2011 11 28 -13.23  -65.01  23.11  1.6  1.41  6.44
2011 11 29 -14.43  -65.08  12.81  1.63  1.47  6.61
2011 11 30 -13.9  -65.2  14.83  1.62  1.41  6.53
2011 12 01 -11.3  -61.42  2.93  1.74  1.52  7.02
2011 12 02 -14.51  -64.11  9.7  1.62  1.46  6.47
2011 12 03 -14.16  -65.59  17.1  1.61  1.45  6.41
2011 12 04 -15.09  -65.12  12.91  1.59  1.43  6.35
2011 12 05 -14.73  -65.1  14.24  1.61  1.45  6.47
2011 12 06 -14.62  -65.32  16.74  1.65  1.53  6.86
2011 12 07 -15.05  -65.38  16.65  1.56  1.39  6.32
2011 12 08 -15.1  -65.24  14.78  1.55  1.38  6.22
2011 12 09 -14.97  -65.46  14.13  1.53  1.36  6.12
2011 12 10 -15.34  -65.32  16.03  1.54  1.38  6.19
2011 12 11 -15.02  -64.71  17.43  1.58  1.42  6.37
2011 12 12 -14.78  -64.41  18.26  1.56  1.38  6.2
2011 12 13 -14.99  -64.21  17.54  1.53  1.36  6.1
2011 12 14 -14.89  -64.79  17.81  1.55  1.4  6.18
2011 12 15 -13.87  -64.58  11.91  1.64  1.46  6.49
2011 12 16 -14.95  -65.12  12.13  1.59  1.43  6.35
2011 12 17 -14.69  -65.64  7.43  1.54  1.44  6.18
2011 12 18 -13.94  -64.89  10.17  1.65  1.58  6.69
2011 12 19 -13.65  -67.55  4.19  1.77  1.69  7.44
2011 12 20 -12.92  -65.29  7.93  1.54  1.41  6.08
2011 12 21 -13.99  -65.59  13.57  1.51  1.37  6.03
2011 12 22 -14.61  -65.23  13.12  1.5  1.4  6.02
2011 12 23 -14.56  -65.31  10.48  1.49  1.34  5.94
2011 12 24 -14.89  -64.74  11.61  1.5  1.39  5.98
2011 12 25 -14.91  -64.66  13.26  1.53  1.39  6.03
2011 12 26 -14.79  -65.01  12.38  1.54  1.4  6.2
2011 12 27 -14.27  -64.54  12.63  1.57  1.4  6.21
2011 12 28 -14.46  -63.47  9.21  1.6  1.46  6.29
2011 12 29 -13.16  -63.99  13.44  1.67  1.49  6.63
2011 12 30 -12.72  -66.6  14.77  1.7  1.54  6.78
2011 12 31 -14.09  -64.76  14.77  1.57  1.43  6.25
2012 01 01 -13.93  -65.04  13.68  1.52  1.36  5.97
2012 01 02 -14.4  -66.98  9.98  1.59  1.46  6.32
2012 01 03 -13.08  -65.76  16.7  1.57  1.38  6.11
2012 01 04 -13.93  -65.16  8.46  1.52  1.35  5.94
2012 01 05 -13.69  -65.76  9.91  1.59  1.46  6.3
2012 01 06 -14.12  -65.28  13.13  1.53  1.4  6.03
2012 01 07 -14.1  -65.32  14.98  1.52  1.39  5.96
2012 01 08 -13.76  -64.33  12.41  1.58  1.45  6.2
2012 01 09 -13.98  -64.77  18  1.6  1.44  6.24
2012 01 10 -13.7  -65.31  16.31  1.59  1.47  6.25
2012 01 11 -13.4  -64.66  14.33  1.7  1.6  6.77
2012 01 12 -13.56  -64.8  12.32  1.58  1.5  6.28
2012 01 13 -13.28  -65.03  16.57  1.64  1.55  6.58
2012 01 14 -13.58  -65.08  18.05  1.58  1.48  6.3
2012 01 15 -12.56  -65.77  20.03  1.7  1.56  6.85
2012 01 16 -13.26  -65.34  17.53  1.73  1.58  6.88
2012 01 17 -13.56  -66.13  17.93  1.57  1.44  6.3
2012 01 18 -13.33  -64.3  22.44  1.75  1.59  7.08
2012 01 19 -14.91  -66.5  25.94  1.86  1.72  7.58
2012 01 20 -11.59  -64.45  18.85  1.86  1.72  7.49
2012 01 21 -15.88  -63.16  26.33  2.02  1.89  8.31
2012 01 22 -13.84  -63.91  17.67  1.65  1.44  6.51
2012 01 23 -14.68  -65.29  13.4  1.71  1.51  6.68
2012 01 24 -13.86  -66.43  9.02  2  1.81  7.97
2012 01 25 -14.9  -66.45  8.94  2.17  1.95  8.58
2012 01 26 -14.08  -65.01  6.47  1.8  1.62  7.35
2012 01 27 -14.01  -65.65  9.24  1.65  1.47  6.63
2012 01 28 -14  -66.9  10.5  1.67  1.47  6.56
2012 01 29 -13.83  -66.1  6.74  1.57  1.33  6.12
2012 01 30 -13.24  -67.93  10.81  1.69  1.48  6.72
2012 01 31 -13.8  -66.27  9.24  1.59  1.36  6.19
2012 02 01 -13.61  -66.52  9.42  1.68  1.44  6.51
2012 02 02 -14.59  -65.81  7.57  1.62  1.41  6.34
2012 02 03 -13.76  -66.43  10  1.53  1.33  6.01
2012 02 04 -13.76  -66.38  14.72  1.59  1.36  6.28
2012 02 05 -13.95  -66.25  13.73  1.55  1.31  6.07
2012 02 06 -14.28  -65.97  14.41  1.62  1.39  6.4
2012 02 07 -14.34  -66.05  12.41  1.59  1.34  6.27
2012 02 08 -13.3  -65.85  4.92  1.56  1.33  6.1
2012 02 09 -13.73  -66.9  7.47  1.56  1.34  6.14
2012 02 10 -13.62  -67.24  7.96  1.66  1.39  6.54
2012 02 11 -13.05  -67.88  10.71  1.69  1.41  6.58
2012 02 12 -13.59  -66.64  6.63  1.6  1.34  6.21
2012 02 13 -13.09  -67.3  6.6  1.73  1.46  6.9
2012 02 14 -13.98  -68.23  9.73  1.66  1.42  6.45
2012 02 15 -13.52  -68.16  14.84  1.63  1.38  6.26
2012 02 16 -13.72  -67.48  14.61  1.61  1.37  6.13
2012 02 17 -14.7  -66.85  10.74  1.55  1.3  5.91
2012 02 18 -14.07  -67  10.43  1.63  1.39  6.23
2012 02 19 -13.28  -67.45  8.19  1.62  1.35  6.16
2012 02 20 -13.48  -68.01  7.11  1.58  1.34  5.98
2012 02 21 -14.05  -67.86  2.95  1.6  1.34  6.11
2012 02 22 -13.24  -67.28  4.46  1.62  1.37  6.25
2012 02 23 -13.96  -67.1  9.48  1.6  1.35  6.15
2012 02 24 -13.43  -66.7  10.85  1.54  1.31  5.91
2012 02 25 -12.92  -68.24  12.93  1.68  1.42  6.45
2012 02 26 -12.98  -67.94  11.57  1.55  1.3  5.98
2012 02 27 -11.82  -68.2  7.71  1.64  1.36  6.11
2012 02 28 -11.8  -66.25  -2.13  1.78  1.51  6.75
2012 02 29 -12.82  -68.48  13.88  1.8  1.5  6.96
2012 03 01 -12.99  -68.11  14.81  1.73  1.43  6.67
2012 03 02 -13.64  -68.07  9.1  1.63  1.35  6.26
2012 03 03 -13.53  -67.05  5.06  1.56  1.3  5.96
2012 03 04 -12.99  -68.18  8.99  1.64  1.38  6.29
2012 03 05 -12.55  -68.65  7.52  1.66  1.39  6.39
2012 03 06 -13.59  -69.71  11.14  1.73  1.43  6.68
2012 03 07 -13.74  -68.1  10.61  1.65  1.39  6.37
2012 03 08 -14.43  -67.3  2.73  1.62  1.38  6.31
2012 03 09 -14.11  -67.98  3.49  1.58  1.32  6.14
2012 03 10 -13.16  -67.1  4.42  1.6  1.36  6.25
2012 03 11 -12.39  -69.02  13.63  1.76  1.48  6.89
2012 03 12 -11.59  -66.04  8.42  1.73  1.44  6.87
2012 03 13 -12.61  -67.61  14.27  1.84  1.52  7.18
2012 03 14 -10.19  -66.42  7.62  1.75  1.47  6.89
2012 03 15 -9.77  -65.15  13.07  1.92  1.66  7.68
2012 03 16 -13.47  -69.12  17.62  1.91  1.6  7.48
2012 03 17 -13.72  -67.61  14.5  2.24  1.89  8.93
2012 03 18 -12.47  -68.09  5.23  1.8  1.51  6.97
2012 03 19 -13.18  -67.83  7.56  1.74  1.42  6.58
2012 03 20 -14.25  -70.61  4.88  1.84  1.56  7.12
2012 03 21 -13  -68.2  14.52  1.86  1.58  7.1
2012 03 22 -14.82  -72.65  16.83  1.89  1.58  7.32
2012 03 23 -13.59  -70.47  19.34  1.84  1.56  7.14
2012 03 24 -10.05  -71.82  9.68  1.76  1.52  6.89
2012 03 25 -12.12  -71.3  9.18  1.7  1.49  6.63
2012 03 26 -13.62  -69  11.87  1.66  1.36  6.36
2012 03 27 -13.06  -66.58  14.15  1.75  1.48  6.76
2012 03 28 -12.07  -68.69  6.89  1.83  1.58  7.13
2012 03 29 -12.41  -68.26  3.57  1.77  1.51  6.84
2012 03 30 -10.96  -66.87  15.52  1.72  1.43  6.61
2012 03 31 -11.97  -69.58  14.29  2.03  1.72  7.93
2012 04 01 -13.41  -69  12.32  1.64  1.39  6.27
2012 04 02 -14.21  -69.95  8.93  1.54  1.31  5.9
2012 04 03 -13.14  -69.42  10.96  1.58  1.33  6.1
2012 04 04 -13.48  -71.11  13  1.87  1.57  7.23
2012 04 05 -11.54  -70.65  9.04  1.64  1.43  6.42
2012 04 06 -15.1  -69.08  14.87  1.66  1.4  6.32
2012 04 07 -13.05  -70.18  13.66  1.59  1.35  6.22
2012 04 08 -12.45  -69.85  12.72  1.7  1.48  6.68
2012 04 09 -13.02  -70.64  9.52  1.65  1.4  6.46
2012 04 10 -12.88  -70.62  11.77  1.63  1.4  6.37
2012 04 11 -13.46  -70.49  12.38  1.66  1.49  6.53
2012 04 12 -11.35  -69.56  9.4  1.69  1.49  6.71
2012 04 13 -12.57  -70.52  15.42  1.57  1.35  6
2012 04 14 -15.11  -69.12  13.57  1.59  1.36  6.1
2012 04 15 -14.83  -70.02  8.34  1.63  1.38  6.29
2012 04 16 -13.3  -69.58  10.46  1.59  1.37  6.11
2012 04 17 -12.74  -69.53  9.46  1.61  1.37  6.21
2012 04 18 -13.8  -69.72  17.97  1.62  1.38  6.27
2012 04 19 -14.25  -69.69  10.69  1.56  1.34  6.03
2012 04 20 -13.78  -69.82  9  1.6  1.35  6.23
2012 04 21 -12.89  -69.58  8.3  1.57  1.34  6.12
2012 04 22 -12.88  -69.58  10.46  1.77  1.53  6.41
2012 04 23 -11.49  -68.68  10.07  2.06  1.84  7.53
2012 04 24 -13.5  -68.66  12.46  2.04  1.83  7.48
2012 04 25 -12.43  -69.56  16.66  1.86  1.66  6.7
2012 04 26 -11.56  -68.98  25.67  1.94  1.7  6.98
2012 04 27 -11.98  -69.1  12.09  1.87  1.57  6.63
2012 04 28 -12.51  -69.12  8.34  1.62  1.43  5.88
2012 04 29 -12.92  -69.2  6.95  1.75  1.54  6.44
2012 04 30 -10.2  -68.84  19.34  1.99  1.78  7.26
2012 05 01 -11.45  -69.97  11.6  1.89  1.75  7.06
2012 05 02 -12.26  -69.34  10.36  1.7  1.51  6.25
2012 05 03 -11.81  -71.85  13.15  1.81  1.57  6.51
2012 05 04 -10.63  -69.22  8.01  1.99  1.81  7.36
2012 05 05 -12.82  -70.16  5.34  1.66  1.46  6
2012 05 06 -12.5  -69.72  7.24  1.61  1.42  5.93
2012 05 07 -12.87  -69.97  11.41  1.64  1.42  5.97
2012 05 08 -13.83  -68.84  6.68  1.69  1.47  6.14
2012 05 09 -12.62  -68.95  7.69  1.7  1.48  6.2
2012 05 10 -11.9  -69.16  4.05  1.7  1.48  6.15
2012 05 11 -12.86  -68.94  7.23  1.65  1.44  6.05
2012 05 12 -12.56  -69.86  5.61  1.68  1.47  6.11
2012 05 13 -12.15  -69.97  6.95  1.67  1.44  6.06
2012 05 14 -13.39  -70.46  4.16  1.9  1.61  6.84
2012 05 15 -12.94  -69.98  7.23  1.92  1.63  6.9
2012 05 16 -13.56  -70.49  13.94  1.98  1.69  7.16
2012 05 17 -13.01  -71.09  11.57  1.82  1.57  6.6
2012 05 18 -11.67  -68.91  8.79  1.8  1.55  6.53
2012 05 19 -12.38  -69.95  12.57  1.69  1.46  6.12
2012 05 20 -13.19  -70.11  10.18  1.68  1.44  6.09
2012 05 21 -11.87  -67.62  10.65  1.86  1.6  6.71
2012 05 22 -13.46  -68.89  23.46  1.79  1.53  6.51
2012 05 23 -13.03  -69.69  13.8  1.75  1.52  6.36
2012 05 24 -13.06  -68.37  18.76  1.76  1.55  6.44
2012 05 25 -12.44  -69.1  20.17  1.79  1.53  6.36
2012 05 26 -13.32  -67.19  6.92  1.75  1.53  6.3
2012 05 27 -11.87  -69.37  5.77  1.96  1.75  7.21
2012 05 28 -12.31  -70.34  10.17  1.65  1.45  5.95
2012 05 29 -11.69  -70.54  7.6  1.68  1.47  6.09
2012 05 30 -13.59  -70.84  10.08  1.75  1.53  6.35
2012 05 31 -12.53  -70.59  9.79  1.62  1.42  5.94
2012 06 01 -12.4  -69.15  13.17  1.92  1.66  6.92
2012 06 02 -12.94  -68.18  17.79  1.98  1.79  7.34
2012 06 03 -10.12  -68.71  21.41  1.76  1.52  6.41
2012 06 04 -12.11  -72.99  21.48  1.86  1.61  6.75
2012 06 05 -13.21  -69.65  15.23  1.82  1.56  6.59
2012 06 06 -11.98  -69.71  13.63  1.65  1.41  5.96
2012 06 07 -11.69  -69.1  14.29  1.65  1.4  5.96
2012 06 08 -9.75  -68.78  16.11  1.77  1.51  6.36
2012 06 09 -11.53  -70.79  12.32  1.68  1.44  6.06
2012 06 10 -11.33  -69.84  12.54  1.59  1.37  5.76
2012 06 11 -11.97  -70.2  9.73  1.65  1.41  5.98
2012 06 12 -10.93  -70.31  8.39  1.65  1.45  6.02
2012 06 13 -12.52  -71.34  9.14  1.73  1.49  6.25
2012 06 14 -13.14  -70.65  14.08  1.84  1.58  6.63
2012 06 15 -12.23  -70.68  14  1.84  1.61  6.62
2012 06 16 -12.56  -70.11  7.91  1.76  1.61  6.48
2012 06 17 -11.7  -69.58  15.92  1.76  1.59  6.45
2012 06 18 -10.7  -70.45  19.85  1.84  1.59  6.7
2012 06 19 -12  -69.7  12.06  1.73  1.54  6.31
2012 06 20 -12.62  -70.24  13.67  1.64  1.45  6.03
2012 06 21 -12.08  -70.87  14.19  1.73  1.56  6.3
2012 06 22 -11.24  -71.92  14.41  1.76  1.55  6.44
2012 06 23 -12.86  -72.43  18  1.89  1.64  6.84
2012 06 24 -9.36  -70.85  13.42  1.78  1.55  6.58
2012 06 25 -8.79  -73.56  6.65  1.77  1.56  6.45
2012 06 26 -9.81  -71.13  10.1  1.82  1.65  6.69
2012 06 27 -11.63  -72.37  11.69  1.86  1.7  6.77
2012 06 28 -11.66  -71.06  9.11  1.77  1.6  6.48
2012 06 29 -11.4  -71.86  10.07  1.7  1.5  6.14
2012 06 30 -12.39  -71.29  11.15  1.74  1.51  6.3
2012 07 01 -13.44  -70.55  19.82  2.04  1.85  7.54
2012 07 02 -12.05  -70  5.85  1.88  1.61  6.75
2012 07 03 -13.89  -70.63  11.83  1.93  1.66  6.84
2012 07 04 -11.53  -69.81  17.76  1.87  1.58  6.69
2012 07 05 -9.73  -72.49  13.85  1.96  1.71  7.06
2012 07 06 -11.87  -70.29  10.68  1.85  1.6  6.68
2012 07 07 -12.74  -70.41  11.77  1.72  1.49  6.22
2012 07 08 -10.57  -69.74  1.59  1.73  1.48  6.19
2012 07 09 -11.54  -72.17  8.07  1.8  1.53  6.46
2012 07 10 -9.04  -70.46  7.45  1.82  1.55  6.53
2012 07 11 -10.64  -71.1  7.76  1.88  1.67  6.85
2012 07 12 -11.09  -69.58  8.6  1.81  1.57  6.57
2012 07 13 -11.11  -70.43  13.01  1.94  1.65  6.93
2012 07 14 -10.82  -70.35  11.98  1.79  1.56  6.42
2012 07 15 -11.29  -70.32  13.78  1.75  1.51  6.23
2012 07 16 -9.89  -70.41  14.24  1.9  1.65  6.78
2012 07 17 -10.42  -71.51  14.81  1.83  1.59  6.63
2012 07 18 -10.76  -69.94  15.5  1.84  1.6  6.64
2012 07 19 -9.67  -70.62  7.72  1.99  1.71  7.19
2012 07 20 -7  -72.17  13.13  2  1.79  7.34
2012 07 21 -11.68  -71.14  9.96  1.91  1.65  6.82
2012 07 22 -11.47  -67.99  14.36  2.15  1.96  7.9
2012 07 23 -11.98  -70.61  10.77  2.8  2.56  10.57
2012 07 24 -12.68  -69.85  4.49  2.18  1.86  7.91
2012 07 25 -11.85  -71.08  13.15  1.79  1.52  6.4
2012 07 26 -12.62  -72.46  10.31  1.96  1.79  7.28
2012 07 27 -12.01  -70.61  15.62  1.83  1.55  6.54
2012 07 28 -12.33  -69.98  16.34  2.03  1.85  7.53
2012 07 29 -10.34  -70.4  13.5  1.81  1.53  6.49
2012 07 30 -11.45  -70.56  12.64  1.76  1.5  6.37
2012 07 31 -11.03  -71.07  13.62  1.72  1.48  6.21
2012 08 01 -10.29  -71.07  13.32  1.68  1.45  6.07
2012 08 02 -10.1  -70.34  12.22  1.67  1.43  6.05
2012 08 03 -12.08  -70.6  14.39  1.69  1.45  6.12
2012 08 04 -12.09  -71.48  16.3  1.79  1.55  6.51
2012 08 05 -9.87  -71.33  9.81  2.09  1.75  7.47
2012 08 06 -10.25  -70.77  8.19  1.9  1.6  6.83
2012 08 07 -10  -71.21  11.06  1.79  1.51  6.45
2012 08 08 -10.65  -69.67  10.86  1.85  1.57  6.74
2012 08 09 -10.57  -70.48  14.85  2.01  1.68  7.22
2012 08 10 -10.52  -69.52  16.9  1.86  1.57  6.71
2012 08 11 -10.74  -71.56  15.09  1.85  1.55  6.52
2012 08 12 -12.09  -70.35  11.92  1.96  1.67  7.1
2012 08 13 -10.66  -70.63  14.04  1.93  1.63  7.01
2012 08 14 -13.01  -70.72  22.13  1.9  1.59  6.76
2012 08 15 -12.61  -70.14  23.58  2.09  1.76  7.48
2012 08 16 -11.05  -70.74  13.48  2.19  1.84  7.91
2012 08 17 -12.02  -70.44  16.36  2.24  1.93  7.94
2012 08 18 -10.3  -70.58  12  1.86  1.62  6.71
2012 08 19 -10.62  -71.37  15.45  2.24  1.97  8.05
2012 08 20 -10.45  -71.67  17.59  1.99  1.71  7.09
2012 08 21 -10.51  -70.56  13.26  1.89  1.56  6.69
2012 08 22 -11.37  -70.61  15.59  1.86  1.56  6.63
2012 08 23 -10.72  -71.21  13.69  1.68  1.44  6.08
2012 08 24 -10.57  -69.35  16.05  1.77  1.49  6.29
2012 08 25 -10.6  -69.51  17.33  1.79  1.52  6.37
2012 08 26 -8.59  -72.18  21.86  1.64  1.35  5.83
2012 08 27 -9.55  -70.25  15.29  1.49  1.23  5.3
2012 08 28 -9.68  -70.74  12.57  1.53  1.27  5.48
2012 08 29 -8.98  -69.56  14.07  1.53  1.29  5.47
2012 08 30 -9.34  -69.29  16.32  1.52  1.25  5.4
2012 08 31 -7.85  -72.88  17.7  1.9  1.62  6.78
2012 09 01 -9.75  -71.2  13.89  1.7  1.41  6.11
2012 09 02 -11.84  -71.1  12.74  1.52  1.26  5.39
2012 09 03 -10.29  -72.36  12.18  1.55  1.27  5.51
2012 09 04 -9.85  -71.87  19.26  1.56  1.27  5.53
2012 09 05 -10.7  -72.52  16.47  1.69  1.38  5.99
2012 09 06 -10.49  -71.85  16.89  1.77  1.46  6.29
2012 09 07 -10.8  -70.09  12.44  1.6  1.34  5.69
2012 09 08 -9.6  -69.88  15.16  1.7  1.48  6.07
2012 09 09 -6.46  -69.73  12.9  1.61  1.33  5.64
2012 09 10 -8.49  -69.94  18.88  1.65  1.37  5.89
2012 09 11 -10.19  -71.33  17.94  1.61  1.35  5.73
2012 09 12 -10.9  -69.89  18.75  1.55  1.31  5.52
2012 09 13 -10.01  -70.34  9.89  1.52  1.27  5.41
2012 09 14 -9.92  -71.71  16.33  1.55  1.31  5.54
2012 09 15 -10.42  -71.93  17.34  1.55  1.3  5.54
2012 09 16 -10.64  -72.93  11.67  1.64  1.34  5.8
2012 09 17 -10.33  -70.03  14.55  1.65  1.41  5.99
2012 09 18 -11.5  -71.83  13.51  1.73  1.47  6.22
2012 09 19 -11  -71.18  14  1.52  1.27  5.4
2012 09 20 -11.11  -71.33  16.44  1.64  1.37  5.79
2012 09 21 -11.28  -70.26  15.07  1.51  1.27  5.43
2012 09 22 -10.8  -69.53  9.86  1.58  1.31  5.57
2012 09 23 -9.94  -70.39  19.7  1.85  1.59  6.71
2012 09 24 -9.49  -70.04  28.81  1.61  1.34  5.71
2012 09 25 -10.04  -70.19  23.16  1.5  1.26  5.36
2012 09 26 -10.35  -71.09  19.34  1.51  1.28  5.43
2012 09 27 -9.54  -72.28  15.77  1.5  1.26  5.36
2012 09 28 -11  -72.77  20.28  1.54  1.29  5.52
2012 09 29 -13.4  -72.39  19.86  1.49  1.25  5.35
2012 09 30 -10.87  -72.42  14.45  1.48  1.23  5.3
2012 10 01 -11.17  -72.74  19.05  1.45  1.22  5.2
2012 10 02 -10.1  -72.4  19.6  1.46  1.23  5.27
2012 10 03 -10.75  -71.43  15.45  1.46  1.23  5.28
2012 10 04 -10.83  -71.32  16.77  1.49  1.27  5.34
2012 10 05 -11  -71.89  18.25  1.51  1.29  5.43
2012 10 06 -10.92  -71.86  19.81  1.49  1.26  5.34
2012 10 07 -11.06  -71.73  20.28  1.51  1.29  5.44
2012 10 08 -10.14  -70.96  16.36  1.55  1.34  5.65
2012 10 09 -10.83  -72.42  23.53  1.55  1.33  5.58
2012 10 10 -10.42  -69.72  18.25  1.5  1.29  5.47
2012 10 11 -11.7  -71.39  19.65  1.63  1.38  5.86
2012 10 12 -10.15  -71.7  17.54  1.54  1.32  5.53
2012 10 13 -10.08  -72.34  10.95  1.5  1.29  5.48
2012 10 14 -10.43  -72.09  13.43  1.44  1.23  5.22
2012 10 15 -10.95  -72.48  14.89  1.52  1.29  5.46
2012 10 16 -11.48  -72.73  15.01  1.58  1.35  5.67
2012 10 17 -10.22  -72.61  21.7  1.48  1.27  5.33
2012 10 18 -10.38  -71.14  25.26  1.47  1.26  5.34
2012 10 19 -11.65  -70.5  33.79  1.61  1.42  5.94
2012 10 20 -9.01  -66.16  29.69  1.83  1.61  6.79
2012 10 21 -10.79  -71.16  33.21  1.55  1.34  5.67
2012 10 22 -11.47  -70.66  25.93  1.64  1.4  5.9
2012 10 23 -9.81  -70.27  15.41  1.63  1.39  5.95
2012 10 24 -9.5  -71.72  15.05  1.58  1.37  5.79
2012 10 25 -9.41  -70.4  7.38  1.55  1.35  5.73
2012 10 26 -11.17  -72.18  7.7  1.57  1.36  5.77
2012 10 27 -10.37  -72.25  7.21  1.54  1.35  5.69
2012 10 28 -9.97  -72.69  14.72  1.52  1.31  5.59
2012 10 29 -10.34  -72.51  17.87  1.51  1.31  5.53
2012 10 30 -9.81  -72.07  17.09  1.51  1.3  5.51
2012 10 31 -9.03  -73.17  22.81  1.59  1.38  5.84
2012 11 01 -10.56  -70.37  4.15  1.83  1.68  6.88
2012 11 02 -9.53  -73.03  21.78  1.53  1.33  5.62
2012 11 03 -9.05  -72.34  19.86  1.54  1.34  5.61
2012 11 04 -9.16  -72.15  20.22  1.53  1.33  5.61
2012 11 05 -10.21  -70.44  19.33  1.54  1.33  5.62
2012 11 06 -8.02  -70.89  17.36  1.58  1.35  5.7
2012 11 07 -7.61  -71.55  16.33  1.59  1.38  5.81
2012 11 08 -6.61  -71.88  25.47  1.69  1.45  6.12
2012 11 09 -8.58  -72.6  17.37  1.57  1.35  5.7
2012 11 10 -7.31  -73.09  19.96  1.74  1.66  6.66
2012 11 11 -9.63  -71.69  7.73  1.55  1.33  5.62
2012 11 12 -9.54  -72.95  3.57  1.47  1.29  5.4
2012 11 13 -9.07  -71.6  15.19  1.82  1.61  6.64
2012 11 14 -9.5  -73.16  16.91  1.7  1.47  6.22
2012 11 15 -9.34  -72.72  19.62  1.53  1.32  5.6
2012 11 16 -8.86  -71.97  18.42  1.55  1.34  5.67
2012 11 17 -8.79  -71.04  22.6  1.75  1.47  6.33
2012 11 18 -7.81  -72.21  24.73  1.75  1.48  6.36
2012 11 19 -7.51  -70.41  18.6  1.97  1.72  7.23
2012 11 20 -10.43  -71.85  26.96  1.7  1.44  6.14
2012 11 21 -7.46  -74.51  25.01  1.8  1.52  6.52
2012 11 22 -8.4  -72.51  13.37  1.56  1.33  5.67
2012 11 23 -9.59  -72.86  11.49  1.5  1.29  5.51
2012 11 24 -9.57  -72.39  13.34  1.51  1.33  5.58
2012 11 25 -9.38  -72.42  18.38  1.51  1.31  5.55
2012 11 26 -9.08  -72.58  19.34  1.47  1.28  5.42
2012 11 27 -9.07  -72.75  18.21  1.5  1.29  5.5
2012 11 28 -7.98  -73.53  23.66  1.66  1.4  6.06
2012 11 29 -12  -75.55  35.41  1.74  1.46  6.33
2012 11 30 -10.83  -75.08  28.85  1.61  1.4  5.95
2012 12 01 -8.86  -73.2  32.45  1.85  1.56  6.76
2012 12 02 -9.57  -71.73  29.74  1.76  1.49  6.44
2012 12 03 -10.42  -72.79  23.89  1.59  1.37  5.88
2012 12 04 -9.55  -74.92  24.26  1.6  1.4  5.92
2012 12 05 -9.72  -71.68  20.61  1.64  1.43  6.04
2012 12 06 -10.41  -73.69  15.83  1.61  1.42  5.92
2012 12 07 -9.94  -73.51  15.46  1.51  1.32  5.58
2012 12 08 -10.81  -73.23  15.92  1.51  1.33  5.64
2012 12 09 -10.36  -73.97  12.15  1.68  1.49  6.3
2012 12 10 -10.32  -73.72  13.68  1.71  1.55  6.32
2012 12 11 -9.44  -73.5  20.35  1.73  1.56  6.35
2012 12 12 -10.41  -73.73  25.45  1.9  1.67  6.92
2012 12 13 -10.51  -73.76  23.94  1.68  1.5  6.14
2012 12 14 -10.12  -74.32  23.71  1.63  1.48  5.96
2012 12 15 -10.25  -75.46  20.13  1.75  1.59  6.44
2012 12 16 -9.54  -74.71  23.84  1.31  1.17  4.69
2012 12 17 -7.87  -72.71  21.08  2.04  1.77  7.37
2012 12 18 -9.56  -75.19  20.27  1.83  1.6  6.71
2012 12 19 -10.12  -74.21  12.94  1.83  1.68  6.82
2012 12 20 -10.9  -75.07  19.17  1.8  1.59  6.6
2012 12 21 -8.73  -76  24.56  1.93  1.68  7.02
2012 12 22 -7.71  -75.85  15.27  1.9  1.66  6.88
2012 12 23 -8.09  -76.18  19.97  1.95  1.73  7.07
2012 12 24 -10.06  -75.95  20.75  1.89  1.64  6.81
2012 12 25 -9.51  -75.41  18.21  1.73  1.55  6.25
2012 12 26 -9.28  -77.31  21.17  1.81  1.64  6.62
2012 12 27 -10.4  -77.64  19.19  1.82  1.66  6.69
2012 12 28 -9.95  -77.4  21.11  1.75  1.59  6.45
2012 12 29 -10.45  -75.12  22.68  1.64  1.42  5.93
2012 12 30 -9.49  -76.21  17.01  1.67  1.51  6.05
2012 12 31 -9.08  -75.58  17.36  1.67  1.48  6.04
2013 01 01 -9.54  -75.83  14.19  1.62  1.47  5.88
2013 01 02 -10.68  -74.76  10.89  1.59  1.41  5.79
2013 01 03 -9.13  -75.36  15.56  1.61  1.45  5.82
2013 01 04 -9.42  -76.1  17.14  1.59  1.4  5.8
2013 01 05 -9.39  -75.66  12.8  1.67  1.48  6.07
2013 01 06 -8.76  -75.96  14.83  1.65  1.46  5.97
2013 01 07 -9.42  -75.11  11.11  1.65  1.46  5.97
2013 01 08 -9.31  -75.3  16.08  1.65  1.45  6
2013 01 09 -8.52  -74.93  21.91  1.75  1.54  6.32
2013 01 10 -10.4  -75.02  28.17  1.69  1.5  6.09
2013 01 11 -8.96  -75.69  17.43  1.68  1.47  6.06
2013 01 12 -8.53  -75.02  10.58  1.65  1.42  5.92
2013 01 13 -8.42  -75.73  8.7  1.6  1.38  5.73
2013 01 14 -8.65  -75.41  7.11  1.61  1.39  5.73
2013 01 15 -9.52  -75.33  8.09  1.63  1.42  5.88
2013 01 16 -8.28  -75.56  6.53  1.66  1.41  5.97
2013 01 17 -8.98  -76.08  10.32  1.62  1.37  5.82
2013 01 18 -8.32  -75.76  11.42  1.61  1.4  5.82
2013 01 19 -8.2  -75.71  10.14  1.58  1.37  5.7
2013 01 20 -7.99  -75.65  8.6  1.59  1.38  5.74
2013 01 21 -8.94  -74.54  8  1.6  1.38  5.78
2013 01 22 -7.9  -75.7  7.07  1.63  1.41  5.91
2013 01 23 -7.9  -74.04  12.93  1.77  1.49  6.29
2013 01 24 -7.85  -75.5  10.1  1.72  1.46  6.18
2013 01 25 -6.78  -75.38  9.18  1.86  1.64  6.82
2013 01 26 -5.78  -74.67  10.78  1.85  1.57  6.55
2013 01 27 -7.21  -76.86  13.71  1.73  1.47  6.16
2013 01 28 -7.94  -77.81  13.99  1.64  1.48  5.77
2013 01 29 -9.7  -76.99  10.07  1.85  1.67  6.57
2013 01 30 -6.95  -77.08  9.05  1.79  1.58  6.34
2013 01 31 -7.5  -77.02  8.25  1.76  1.57  6.23
2013 02 01 -7.99  -76.85  10.89  1.75  1.56  6.22
2013 02 02 -8.16  -76.3  10.65  1.76  1.54  6.26
2013 02 03 -7.5  -76.35  12.99  1.76  1.56  6.26
2013 02 04 -7.73  -77  16.84  1.77  1.57  6.23
2013 02 05 -6.24  -76  20.86  1.88  1.66  6.57
2013 02 06 -7.1  -76.48  14.13  1.85  1.59  6.41
2013 02 07 -8.26  -76.48  17.4  1.81  1.62  6.4
2013 02 08 -7.67  -77.51  13.78  1.78  1.57  6.27
2013 02 09 -7.44  -77.16  16.09  1.74  1.55  6.13
2013 02 10 -7.55  -76.93  16.24  1.73  1.53  6.1
2013 02 11 -7.47  -77.15  9.61  1.74  1.54  6.14
2013 02 12 -8.71  -76.52  8.32  1.69  1.5  5.98
2013 02 13 -8.15  -77.12  8.31  1.77  1.59  6.37
2013 02 14 -7.96  -76.55  5.99  1.73  1.53  6.08
2013 02 15 -7.49  -76.78  3.42  1.75  1.56  6.18
2013 02 16 -7.58  -76.63  7.97  1.78  1.57  6.25
2013 02 17 -7.41  -76.4  9.83  1.78  1.58  6.26
2013 02 18 -6.74  -75.85  10.18  2.61  2.35  8.91
2013 02 19 -7.56  -76.94  25  1.9  1.68  6.71
2013 02 20 -8.27  -77.09  14.97  1.8  1.6  6.33
2013 02 21 -7.96  -77.33  9.98  1.75  1.56  6.18
2013 02 22 -8.72  -76.96  6.6  1.73  1.53  6.12
2013 02 23 -7.88  -77.38  6.16  1.91  1.7  6.8
2013 03 03 -8.46  -75.25  11.27  1.95  1.75  6.87
2013 03 04 -7.54  -76.48  13.04  1.78  1.56  6.12
2013 03 05 -7.1  -77.94  13.13  1.93  1.72  6.7
2013 03 06 -6.07  -78.27  14.89  2.04  1.82  7.27
2013 03 07 -7.13  -77.68  8.64  1.89  1.72  6.69
2013 03 08 -9.6  -77.17  2.97  1.85  1.69  6.47
2013 03 09 -7.1  -77.81  9.97  2.04  1.82  7
2013 03 10 -6.58  -76.12  7.17  1.87  1.63  6.47
2013 03 11 -7.48  -77.48  8.11  1.83  1.59  6.46
2013 03 12 -6.77  -76.9  4.68  1.9  1.66  6.66
2013 03 13 -7.24  -77.31  7.4  1.96  1.69  6.85
2013 03 14 -7.06  -76.8  8.88  1.81  1.56  6.43
2013 03 15 -7.47  -76.73  9.86  2.04  1.76  7.24
2013 03 16 -7.87  -77.7  10.72  1.93  1.68  6.83
2013 03 17 -8.12  -78.92  -4.32  2.46  2.12  8.27
2013 03 18 -7.72  -78.63  13.08  2.3  1.98  7.75
2013 03 19 -7.57  -77.95  9.85  2.4  2.09  8.2
2013 03 20 -5.99  -78.08  18.62  2.82  2.43  9.6
2013 03 21 -6.1  -78.09  10.58  2.52  2.23  8.71
2013 03 22 -7.09  -78.59  9.53  2.25  1.97  7.73
2013 03 23 -7.67  -77.97  5.56  2.23  1.95  7.65
2013 03 24 -8.18  -76.85  5.13  2.53  2.34  8.54
2013 03 25 -6.56  -78.03  8.31  2.27  2.06  7.94
2013 03 26 -7.25  -78.76  11.11  2.44  2.22  8.49
2013 03 27 -6.58  -78.07  7.49  2.4  2.14  8.31
2013 03 28 -7.66  -77.37  14.12  2.57  2.32  9
2013 03 29 -6.9  -77.25  11.01  2.32  2.12  8.15
2013 03 30 -7.36  -77.18  13.1  2.32  2.1  8.2
2013 03 31 -7.78  -78.93  14.24  1.88  1.76  6.71
2013 04 01 -7.39  -78.28  8.97  1.77  1.64  6.3
2013 04 02 -7.34  -77.45  8.92  1.77  1.65  6.33
2013 04 03 -7.2  -77.98  10.61  1.78  1.68  6.48
2013 04 04 -7.81  -77.44  21.08  2  1.9  7.21
2013 04 05 -7.96  -76.44  21.28  1.96  1.9  7.14
2013 04 06 -8.07  -77.79  18.25  1.85  1.79  6.74
2013 04 07 -6.74  -75.95  15.23  1.9  1.82  6.87
2013 04 08 -7.05  -77.93  15.69  1.84  1.74  6.62
2013 04 09 -7.28  -78.72  15.34  1.8  1.69  6.53
2013 04 10 -6.86  -77.48  7.06  1.98  1.95  6.95
2013 04 11 -5.12  -77.7  13.18  2.02  1.95  7.27
2013 04 12 -7.21  -77.32  12.96  1.84  1.82  6.62
2013 04 13 -8.5  -77.58  15.03  1.97  1.99  7.06
2013 04 14 -6.8  -79.12  14.34  1.84  1.78  6.64
2013 04 15 -6.21  -75.07  15.13  1.94  1.91  7.11
2013 04 16 -8.06  -77.47  7.17  1.82  1.77  6.56
2013 04 17 -7.04  -77.57  7.32  1.83  1.79  6.63
2013 04 18 -6.89  -77.25  6.34  1.78  1.73  6.46
2013 04 19 -7.49  -77.92  4.93  1.78  1.74  6.55
2013 04 20 -6.8  -77.09  9.69  1.91  1.86  6.99
2013 04 21 -7.41  -77.95  7.8  1.89  1.82  6.77
2013 04 22 -5.18  -78.86  7.31  1.95  1.89  7.03
2013 04 23 -6.38  -77.82  8.8  1.78  1.76  6.56
2013 04 24 -5.94  -78.96  4.92  1.79  1.71  6.45
2013 04 25 -7.63  -76.89  11.58  1.73  1.65  6.31
2013 04 26 -6.52  -77.98  10.43  1.74  1.66  6.34
2013 04 27 -7.28  -79.12  8.17  1.87  1.78  6.73
2013 04 28 -6.91  -78.5  10.99  1.83  1.72  6.6
2013 04 29 -7.99  -78.45  4.61  1.92  1.82  6.89
2013 04 30 -6.73  -77.97  8.5  1.87  1.78  6.69
2013 05 01 -5.76  -78.5  3.93  1.77  1.65  6.3
2013 05 02 -5.9  -79.01  1.67  1.76  1.65  6.31
2013 05 03 -5.36  -79.92  5.22  1.89  1.77  6.68
2013 05 04 -6.38  -77.42  3.94  1.91  1.76  6.74
2013 05 05 -5.98  -79.29  16.38  2.64  2.32  9.03
2013 05 06 -6.99  -78.27  6.92  1.91  1.78  6.8
2013 05 07 -6.41  -78.85  8.47  2.36  2.13  8.3
2013 05 08 -6.42  -78.1  3.21  1.91  1.65  6.83
2013 05 09 -6.11  -77.2  11.82  1.93  1.69  6.99
2013 05 10 -7.31  -76.88  10.03  2.05  1.9  7.32
2013 05 11 -6.9  -76.83  6.21  1.86  1.76  6.69
2013 05 12 -6.13  -77.95  9.42  1.73  1.51  6.29
2013 05 13 -6.46  -78.22  14.21  1.79  1.56  6.49
2013 05 14 -6.16  -77.84  16.84  1.88  1.61  6.79
2013 05 15 -6.58  -77.13  14.21  1.86  1.62  6.8
2013 05 16 -5.1  -76.19  15.27  1.69  1.49  6.27
2013 05 17 -7.43  -79.74  13.57  1.79  1.53  6.48
2013 05 18 -5.98  -77.85  12.08  1.75  1.52  6.45
2013 05 19 -5.62  -79.17  13.97  1.78  1.54  6.48
2013 05 20 -5.46  -78.47  10.88  1.73  1.5  6.35
2013 05 21 -5.93  -77.78  21.81  1.85  1.6  6.76
2013 05 22 -5.33  -79.78  19.43  1.77  1.53  6.48
2013 05 23 -5.67  -79.14  12.96  1.74  1.5  6.35
2013 05 24 -6.57  -78.11  14.46  1.66  1.43  6.07
2013 05 25 -5.51  -78.56  13.72  1.69  1.46  6.22
2013 05 26 -6.16  -77.63  17.77  1.79  1.55  6.49
2013 05 27 -6.7  -77.5  15.21  1.77  1.55  6.46
2013 05 28 -6.79  -77.35  17.17  1.83  1.59  6.64
2013 05 29 -5.86  -77.4  16.22  1.9  1.66  6.92
2013 05 30 -5.92  -78.4  14.14  1.75  1.53  6.37
2013 05 31 -6.5  -77.77  11.33  1.7  1.51  6.21
2013 06 01 -6.15  -77.91  6.21  1.76  1.52  6.36
2013 06 02 -5.3  -77.95  13.78  1.78  1.56  6.47
2013 06 03 -6.44  -78.1  16.66  1.78  1.6  6.5
2013 06 04 -5.42  -80.35  12.54  1.89  1.7  6.91
2013 06 05 -4.82  -81.47  19.06  2.07  1.84  7.58
2013 06 06 -9.05  -79.37  9.32  2.05  1.79  7.47
2013 06 07 -6.25  -79.35  21.81  1.8  1.57  6.51
2013 06 08 -6.41  -78.6  16.41  1.77  1.52  6.36
2013 06 09 -6.63  -78.03  18.49  1.93  1.71  7.05
2013 06 10 -5.55  -78.59  11.36  2  1.74  7.23
2013 06 11 -3.45  -76.87  17.11  1.93  1.69  7
2013 06 12 -6.79  -77.34  13.31  1.96  1.71  7.1
2013 06 13 -5.15  -79.39  13.66  1.72  1.52  6.19
2013 06 14 -6.07  -79.2  4.64  1.74  1.57  6.34
2013 06 15 -5.02  -77.79  12.23  1.9  1.78  7.02
